Plot Identifier,Plant Common Name,Plant Order,Plant Family,Plant Genus,Plant Species ,Percent Cover Flowering ,iNat link
MT-04,Bitter Melon,Cucurbitales,Cucubitaceae,Momordica,charantia,0.001,
MT-04,White Beggarticks,Asterales,Asteraceae,Bidens,alba,0.001,
MT-04,Coastal Plain Staggerbush,Ericales,Ericaceae,Lyonia,fruticosa,0.001,
MT-04,Caesaer Weed,Malvales,Malvaceae,Urena,lobata,0.001,
MT-04,Saw Palmetto,Arecales,Arecaceae,Serenoa,repens,0.001,
MT-05,Shiny-leaved Wild Coffee,Gentianales,Rubiaceae,Psychotria,nervosa,0.0001,
MT-06,Saw Palmetto,Arecales,Arecaceae,Serenoa,repens,0.05,
MT-06,American Beautyberry,Lamiales,Lamiaceae,Callicarpa,americana,0.005,
MT-06,Tarflower,Ericales,Ericaceae,Bejaria,racemosa,0.0001,
MT-06,Coastal Plain Staggerbush,Ericales,Ericaceae,Lyonia,fruticosa,0.0075,
HK-04,White Beggarticks,Asterales,Asteraceae,Bidens,alba,0.005,
HK-04,Nettletree,Rosales,Cannabaceae,Trema,micranthum var. floridanum ,0.0001,
HK-04,Shiny-leaved Wild Coffee,Gentianales,Rubiaceae,Psychotria,nervosa,0.005,
HK-04,American Beautyberry,Lamiales,Lamiaceae,Callicarpa,americana,0.005,
HK-05,Virginia Creeper,Vitales,Vitaceae,Parthenocissus,quinquefolia,0.0075,
HK-05,Shiny-leaved Wild Coffee,Gentianales,Rubiaceae,Psychotria,nervosa,0.005,
HK-06,Saw Palmetto,Arecales,Arecaceae,Serenoa,repens,0.01,
HK-06,Shiny-leaved Wild Coffee,Gentianales,Rubiaceae,Psychotria,nervosa,0.0001,
MK-11,Shrubby False Buttonweed,Gentianales,Rubiaceae,Spermacoce,verticillata,0.005,
MK-12,White Beggarticks,Asterales,Asteraceae,Bidens,alba,0.005,
MK-12,Shrubby False Buttonweed,Gentianales,Rubiaceae,Spermacoce,verticillata,0.005,
MK-12,Oakleaf Fleabane,Asterales,Asteraceae,Erigeron,quercifolius,0.01,
MK-12,Turkey Tangle Frogfruit,Lamiales,Verbenaceae,Phyla,nodiflora,0.0075,
MK-12,Largeflower Mexican Clover,Gentianales,Rubiaceae,Richardia,grandiflora,0.0075,
MK-13,Shrubby False Buttonweed,Gentianales,Rubiaceae,Spermacoce,verticillata,0.0075,
MK-13,Moses-in-the-Cradle,Commelinales,Commelinaceae,Tradescantia,spathacea,0.0001,
MK-14,Moses-in-the-Cradle,Commelinales,Commelinaceae,Tradescantia,spathacea,0.0001,
MK-15,Shrubby False Buttonweed,Gentianales,Rubiaceae,Spermacoce,verticillata,0.01,
MK-15,Largeflower Mexican Clover,Gentianales,Rubiaceae,Richardia,grandiflora,0.01,
MK-15,White Beggarticks,Asterales,Asteraceae,Bidens,alba,0.0001,
MK-15,Common Fanpetals,Malvales,Malvaceae,Sida,ulmifolia,0.0075,
MK-15,Turkey Tangle Frogfruit,Lamiales,Verbenaceae,Phyla,nodiflora,0.01,
MK-15,Virginia Pepperweed,Brassicales,Brassicaceae,Lepidium,virginicum,0.01,
CB-05,White Beggarticks,Asterales,Asteraceae,Bidens,alba,0.01,
CB-05,Shrubby False Buttonweed,Gentianales,Rubiaceae,Spermacoce,verticillata,0.01,
CB-05,Largeflower Mexican Clover,Gentianales,Rubiaceae,Richardia,grandiflora,0.0075,
CB-06,Shrubby False Buttonweed,Gentianales,Rubiaceae,Spermacoce,verticillata,0.05,
CB-06,Common Fanpetals,Malvales,Malvaceae,Sida,ulmifolia,0.0075,
CB-06,White Beggarticks,Asterales,Asteraceae,Bidens,alba,0.0075,
CB-06,Largeflower Mexican Clover,Gentianales,Rubiaceae,Richardia,grandiflora,0.005,
CB-07,White Beggarticks,Asterales,Asteraceae,Bidens,alba,0.01,
CB-07,Shrubby False Buttonweed,Gentianales,Rubiaceae,Spermacoce,verticillata,0.01,
CB-07,Mexican Prickly Poppy,Ranunculales,Papaveraceae,Argemone,mexicana,0.01,
CB-08,Shrubby False Buttonweed,Gentianales,Rubiaceae,Spermacoce,verticillata,0.01,
CB-08,Common Fanpetals,Malvales,Malvaceae,Sida,ulmifolia,0.005,
CB-08,Largeflower Mexican Clover,Gentianales,Rubiaceae,Richardia,grandiflora,0.0001,
CB-08,White Beggarticks,Asterales,Asteraceae,Bidens,alba,0.0001,
LK-04,Southern Swamp Crinum,Asparagales,Amaryllidaceae,Crinum,americanum ,0.0001,
LK-04,Cocoplum,Malpighiales,Chrysobalanaceae,Chrysobalanus,icaco,0.01,
LK-04,Herbwilliam,Apiales,Apiaceae,Ptilimnium,capillaceum,0.0001,
LK-04,St. Andrew's Cross,Malpighiales,Hypericaceae,Hypericum,hypericoides,0.01,
LK-04,Shrubby False Buttonweed,Gentianales,Rubiaceae,Spermacoce,verticillata,0.0001,
LK-04,Dahoon Holly,Aquifoliales,Aquifoliaceae,Ilex,cassine,0.005,
LK-04,Richard's Yellow-eyed Grass, Poales,Xyridaceae,Xyris,jupicai,0.0075,
LK-04,Lax Hornpod,Gentianales,Loganiaceae,Mitreola,petiolata,0.0075,
LK-05,Shrubby False Buttonweed,Gentianales,Rubiaceae,Spermacoce,verticillata,0.005,
LK-05,Largeflower Mexican Clover,Gentianales,Rubiaceae,Richardia,grandiflora,0.01,
LK-05,White Beggarticks,Asterales,Asteraceae,Bidens,alba,0.01,
LK-05,Shiny-leaved Wild Coffee,Gentianales,Rubiaceae,Psychotria,nervosa,0.0001,
LK-05,Knotroot Bristlegrass,Poales,Poaceae,Setaria,parviflora,0.0075,
LK-05,Painted Leaf,Malpighiales,Euphorbiaceae,Euphorbia,cyathophora,0.0075,
LK-05,Creeping Woodsorrel,Oxalidales,Oxalidaceae,Oxalis,corniculata,0.0001,
LK-06,Shiny-leaved Wild Coffee,Gentianales,Rubiaceae,Psychotria,nervosa,0.0075,
LK-06,Pigeonberry,Caryophyllales,Petiveriaceae,Rivina,humilis,0.0001,
VV-05,Shrubby False Buttonweed,Gentianales,Rubiaceae,Spermacoce,verticillata,0.01,
VV-05,White Beggarticks,Asterales,Asteraceae,Bidens,alba,0.0075,
VV-05,Turkey Tangle Frogfruit,Lamiales,Verbenaceae,Phyla,nodiflora,0.005,
VV-05,Largeflower Mexican Clover,Gentianales,Rubiaceae,Richardia,grandiflora,0.005,
VV-05,Big Caltrop, Zygophyllales,Zygophyllaceae,Kallstroemia,maxima,0.005,
VV-05,Common Fanpetals,Malvales,Malvaceae,Sida,ulmifolia,0.0001,
VV-05,Straggler Daisy,Asterales,Asteraceae,Calyptocarpus,vialis,0.0001,
VV-06,Shrubby False Buttonweed,Gentianales,Rubiaceae,Spermacoce,verticillata,0.01,
VV-06,White Beggarticks,Asterales,Asteraceae,Bidens,alba,0.01,
VV-06,Largeflower Mexican Clover,Gentianales,Rubiaceae,Richardia,grandiflora,0.0001,
VV-06,Turkey Tangle Frogfruit,Lamiales,Verbenaceae,Phyla,nodiflora,0.01,
VV-06,Sanguinaria,Caryophyllales,Amaranthaceae,Alternanthera,ficoidea,0.0001,
VV-06,Virginia Pepperweed,Brassicales,Brassicaceae,Lepidium,virginicum,0.01,
VV-07,Oakleaf Fleabane,Asterales,Asteraceae,Erigeron,quercifolius,0.01,
VV-07,White Beggarticks,Asterales,Asteraceae,Bidens,alba,0.0001,
VV-07,Shrubby False Buttonweed,Gentianales,Rubiaceae,Spermacoce,verticillata,0.0075,
VV-07,Turkey Tangle Frogfruit,Lamiales,Verbenaceae,Phyla,nodiflora,0.005,
VV-07,Broadleaf Arrowhead,Alismatales,Alismataceae,Sagittaria,latifolia,0.0075,
VV-07,Common Axil-Flower,Lamiales,Plantaginaceae,Mecardonia,acuminata,0.0001,
VV-07,Lanceleaf Arrowhead,Alismatales,Alismataceae,Sagittaria,lancifolia,0.0001,
VV-08,Shrubby False Buttonweed,Gentianales,Rubiaceae,Spermacoce,verticillata,0.0001,
VV-08,Largeflower Mexican Clover,Gentianales,Rubiaceae,Richardia,grandiflora,0.01,
VV-08,Turkey Tangle Frogfruit,Lamiales,Verbenaceae,Phyla,nodiflora,0.005,
HS-04,White Beggarticks,Asterales,Asteraceae,Bidens,alba,0.005,
HS-04,Showy Milkwort,Fabales,Polygalaceae,Asemeia,grandiflora,0.005,https://www.inaturalist.org/observations/282871727
HS-04,Shrubby False Buttonweed,Gentianales,Rubiaceae,Spermacoce,verticillata,0.005,
HS-04,Turkey Tangle Frogfruit,Lamiales,Verbenaceae,Phyla,nodiflora,0.0001,
HS-04,Largeflower Mexican Clover,Gentianales,Rubiaceae,Richardia,grandiflora,0.0001,
HS-05,Shrubby False Buttonweed,Gentianales,Rubiaceae,Spermacoce,verticillata,0.005,
HS-05,White Beggarticks,Asterales,Asteraceae,Bidens,alba,0.0001,
HS-06,Saw Palmetto,Arecales,Arecaceae,Serenoa,repens,0.0001,
HS-06,White Beggarticks,Asterales,Asteraceae,Bidens,alba,0.005,
HS-06,Shrubby False Buttonweed,Gentianales,Rubiaceae,Spermacoce,verticillata,0.01,
HS-06,Largeflower Mexican Clover,Gentianales,Rubiaceae,Richardia,grandiflora,0.0001,
HS-06,Gopher Apple,Malpighiales,Chrysobalanaceae,Geobalanus,oblongifolius,0.0075,
HS-06,Madagascar Periwinkle,Gentianales,Apocynaceae,Catharanthus,roseus,0.005,
HS-06,Whitemouth Dayflower,Commelinales,Commelinaceae,Commelina,erecta,0.0001,
HS-06,Showy Milkwort,Fabales,Polygalaceae,Asemeia,,0.0001,https://www.inaturalist.org/observations/282885936
QW-09,Lanceleaf Arrowhead,Alismatales,Alismataceae,Sagittaria,lancifolia,0.01,
QW-10,Shrubby False Buttonweed,Gentianales,Rubiaceae,Spermacoce,verticillata,0.01,
QW-10,White Beggarticks,Asterales,Asteraceae,Bidens,alba,0.0001,
QW-10,Beach Naupaka,Asterales,Goodeniaceae,Scaevola,taccada,0.005,
QW-10,Largeflower Mexican Clover,Gentianales,Rubiaceae,Richardia,grandiflora,0.0001,
QW-11,White Beggarticks,Asterales,Asteraceae,Bidens,alba,0.005,
QW-11,Shrubby False Buttonweed,Gentianales,Rubiaceae,Spermacoce,verticillata,0.01,
QW-11,Turkey Tangle Frogfruit,Lamiales,Verbenaceae,Phyla,nodiflora,0.01,
QW-11,Largeflower Mexican Clover,Gentianales,Rubiaceae,Richardia,grandiflora,0.0075,
QW-11,Common Fanpetals,Malvales,Malvaceae,Sida,ulmifolia,0.0001,
MK-16,Shrubby False Buttonweed,Gentianales,Rubiaceae,Spermacoce,verticillata,0.01,
MK-16,Turkey Tangle Frogfruit,Lamiales,Verbenaceae,Phyla,nodiflora,0.0075,
MK-16,White Clover,Fabales,Fabaceae,Trifolium,repens,0.0001,
MK-16,Creeping Beggarweed,Fabales,Fabaceae,Desmodium,incanum,0.0001,https://www.inaturalist.org/observations/287030624
MK-16,Herb-of-Grace,Lamiales,Plantaginaceae,Bacopa,monnieri,0.0001,
MK-17,Blue Mistflower,Asterales,Asteraceae,Conoclinium,coelestinum,0.0001,
MK-17,Swamp Bay,Laurales,Lauraceae,Persea,palustris,0.0075,https://www.inaturalist.org/observations/287040409
MK-17,Musky Mint,Lamiales,Lamiaceae,Hyptis,alata,0.0001,
MK-18,Largeflower Mexican Clover,Gentianales,Rubiaceae,Richardia,grandiflora,0.0075,
MK-18,Turkey Tangle Frogfruit,Lamiales,Verbenaceae,Phyla,nodiflora,0.0075,
MK-18,Shrubby False Buttonweed,Gentianales,Rubiaceae,Spermacoce,verticillata,0.0075,
MK-18,White Beggarticks,Asterales,Asteraceae,Bidens,alba,0.0001,
MK-18,Knotroot Bristlegrass,Poales,Poaceae,Setaria,parviflora,0.0001,https://www.inaturalist.org/observations/287047614
MK-18,White Moneywort,Fabales,Fabaceae,Alysicarpus,vaginalis,0.0001,
MK-20,Shrubby False Buttonweed,Gentianales,Rubiaceae,Spermacoce,verticillata,0.01,
MK-20,Turkey Tangle Frogfruit,Lamiales,Verbenaceae,Phyla,nodiflora,0.0075,
MK-20,Common Fanpetals,Malvales,Malvaceae,Sida,ulmifolia,0.0001,
MK-20,White Beggarticks,Asterales,Asteraceae,Bidens,alba,0.0001,
MK-20,White Moneywort,Fabales,Fabaceae,Alysicarpus,vaginalis,0.0001,
MK-20,Largeflower Mexican Clover,Gentianales,Rubiaceae,Richardia,grandiflora,0.0001,
MK-20,Straggler Daisy,Asterales,Asteraceae,Calyptocarpus,vialis,0.0001,
MK-20,Sidebeak Pencilflower,Fabales,Fabaceae,Stylosanthes,biflora,0.0001,https://www.inaturalist.org/observations/287067939
MK-20,Creeping Beggarweed,Fabales,Fabaceae,Desmodium,incanum,0.0001,https://www.inaturalist.org/observations/287065092
MK-20,Virginia Pepperweed,Brassicales,Brassicaceae,Lepidium,virginicum,0.0001,
CB-09,Shrubby False Buttonweed,Gentianales,Rubiaceae,Spermacoce,verticillata,0.0075,
CB-10,White Beggarticks,Asterales,Asteraceae,Bidens,alba,0.0075,
CB-10,Largeflower Mexican Clover,Gentianales,Rubiaceae,Richardia,grandiflora,0.0075,
CB-10,Sidebeak Pencilflower,Fabales,Fabaceae,Stylosanthes,biflora,0.0075,https://www.inaturalist.org/observations/287098906
CB-10,Shrubby False Buttonweed,Gentianales,Rubiaceae,Spermacoce,verticillata,0.01,
CB-10,Common Fanpetals,Malvales,Malvaceae,Sida,ulmifolia,0.0001,
CB-10,Asthma Plant,Malpighiales,Euphorbiaceae,Euphorbia,hirta,0.0001,
CB-10,Creeping Beggarweed,Fabales,Fabaceae,Desmodium,incanum,0.0001,https://www.inaturalist.org/observations/287100504
CB-11,Shrubby False Buttonweed,Gentianales,Rubiaceae,Spermacoce,verticillata,0.005,
CB-11,Largeflower Mexican Clover,Gentianales,Rubiaceae,Richardia,grandiflora,0.0001,
CB-11,Creeping Indigo,Fabales,Fabaceae,Indigofera,spicata,0.0001,
CB-12,White Beggarticks,Asterales,Asteraceae,Bidens,alba,0.0075,
CB-12,Turkey Tangle Frogfruit,Lamiales,Verbenaceae,Phyla,nodiflora,0.0001,
CB-12,Shrubby False Buttonweed,Gentianales,Rubiaceae,Spermacoce,verticillata,0.0001,
CB-12,Largeflower Mexican Clover,Gentianales,Rubiaceae,Richardia,grandiflora,0.0001,
HS-07,Hog Plum,Santalales,Olacaceae,Ximenia,americana,0.0001,
HS-08,Erect Pricklypear,Caryophyllales,Cactaceae,Opuntia,dillenii,0.0025,
HS-08,White Beggarticks,Asterales,Asteraceae,Bidens,alba,0.0001,
HS-08,Creeping Beggarweed,Fabales,Fabaceae,Desmodium,incanum,0.0001,https://www.inaturalist.org/observations/288201150
HS-08,Trailing Daisy,Asterales,Asteraceae,Sphagneticola,trilobata,0.0001,
HS-08,Gopher Apple,Malpighiales,Chrysobalanaceae,Geobalanus,oblongifolius,0.0001,
HS-08,Shrubby False Buttonweed,Gentianales,Rubiaceae,Spermacoce,verticillata,0.0001,
HS-09,Largeflower Mexican Clover,Gentianales,Rubiaceae,Richardia,grandiflora,0.0025,
HS-09,Gopher Apple,Malpighiales,Chrysobalanaceae,Geobalanus,oblongifolius,0.0025,
HS-09,October Flower,Caryophyllales,Polygonaceae,Polygonella,polygama,0.0001,
HS-09,Diacrodon compressus,Gentianales,Rubiaceae,Diacrodon,compressus,0.0001,https://www.inaturalist.org/observations/288217900
MT-07,Shrubby False Buttonweed,Gentianales,Rubiaceae,Spermacoce,verticillata,0.0001,
MT-07,White Beggarticks,Asterales,Asteraceae,Bidens,alba,0.0001,
MT-07,Bitter Melon,Cucurbitales,Cucubitaceae,Momordica,charantia,0.0001,
MT-07,Lilac Tasselflower,Asterales,Asteraceae,Emilia,sonchifolia,0.0001,
MT-08,White Beggarticks,Asterales,Asteraceae,Bidens,alba,0.0075,
MT-08,Shrubby False Buttonweed,Gentianales,Rubiaceae,Spermacoce,verticillata,0.0025,
MT-08,Lilac Tasselflower,Asterales,Asteraceae,Emilia,sonchifolia,0.0025,
MT-08,Red Tasselflower,Asterales,Asteraceae,Emilia,fosbergii,0.0001,
MT-09,White Beggarticks,Asterales,Asteraceae,Bidens,alba,0.0001,
VV-09,Turkey Tangle Frogfruit,Lamiales,Verbenaceae,Phyla,nodiflora,0.0075,
VV-09,Largeflower Mexican Clover,Gentianales,Rubiaceae,Richardia,grandiflora,0.0001,
VV-09,Shrubby False Buttonweed,Gentianales,Rubiaceae,Spermacoce,verticillata,0.0075,
VV-09,Blue Mistflower,Asterales,Asteraceae,Conoclinium,coelestinum,0.0001,
VV-09,American Black Nightshade,Solanales,Solanaceae,Solanum,americanum ,0.0001,https://www.inaturalist.org/observations/290118380
VV-09,Royal Palm,Arecales,Arecaceae,Roystonea,regia,0.005,https://www.inaturalist.org/observations/290119315
VV-09,Creeping Beggarweed,Fabales,Fabaceae,Desmodium,incanum,0.0001,https://www.inaturalist.org/observations/290123115
VV-09,Cigar Plants and Allies,Myrtales,Lythraceae,Cuphea,,0.0001,https://www.inaturalist.org/observations/290123378
VV-10,Shrubby False Buttonweed,Gentianales,Rubiaceae,Spermacoce,verticillata,0.0025,
VV-10,Turkey Tangle Frogfruit,Lamiales,Verbenaceae,Phyla,nodiflora,0.0025,
VV-10,Largeflower Mexican Clover,Gentianales,Rubiaceae,Richardia,grandiflora,0.0001,
VV-10,White Beggarticks,Asterales,Asteraceae,Bidens,alba,0.0001,
VV-11,Largeflower Mexican Clover,Gentianales,Rubiaceae,Richardia,grandiflora,0.0075,
VV-11,Turkey Tangle Frogfruit,Lamiales,Verbenaceae,Phyla,nodiflora,0.0075,
VV-11,Shrubby False Buttonweed,Gentianales,Rubiaceae,Spermacoce,verticillata,0.0025,
VV-11,White Beggarticks,Asterales,Asteraceae,Bidens,alba,0.0001,
VV-11,Creeping Beggarweed,Fabales,Fabaceae,Desmodium,incanum,0.0001,https://www.inaturalist.org/observations/290142984
VV-11,Cigar Plants and Allies,Myrtales,Lythraceae,Cuphea,,0.0001,https://www.inaturalist.org/observations/290145021
VV-11,Common Fanpetals,Malvales,Malvaceae,Sida,ulmifolia,0.0001,
VV-12,Largeflower Mexican Clover,Gentianales,Rubiaceae,Richardia,grandiflora,0.0001,
VV-12,Turkey Tangle Frogfruit,Lamiales,Verbenaceae,Phyla,nodiflora,0.0001,
VV-12,Shrubby False Buttonweed,Gentianales,Rubiaceae,Spermacoce,verticillata,0.0025,all fried/crunchy 
VV-12,Common Fanpetals,Malvales,Malvaceae,Sida,ulmifolia,0.0001,
VV-12,Santa Maria Feverfew,Asterales,Asteraceae,Parthenium,hysterophorus,0.0025,
LK-07,Largeflower Mexican Clover,Gentianales,Rubiaceae,Richardia,grandiflora,0.0001,
LK-07,Turkey Tangle Frogfruit,Lamiales,Verbenaceae,Phyla,nodiflora,0.0001,
LK-07,Roadside Sandmat,Malpighiales,Euphorbiaceae,Euphorbia,lasiocarpa,0.0001,https://www.inaturalist.org/observations/290174434
LK-07,White Beggarticks,Asterales,Asteraceae,Bidens,alba,0.0001,
LK-07,Shrubby False Buttonweed,Gentianales,Rubiaceae,Spermacoce,verticillata,0.0001,
LK-07,Southern Beeblossom,Myrtales,Onagraceae,Oenothera,simulans,0.0001,
LK-07,Painted Leaf,Malpighiales,Euphorbiaceae,Euphorbia,cyathophora,0.0001,
LK-07,Madagascar Periwinkle,Gentianales,Apocynaceae,Catharanthus,roseus,0.0001,
LK-08,Guinea Hen Weed,Caryophyllales,Petiveriaceae,Petiveria,alliacea,0.0001,
LK-08,Shiny-leaved Wild Coffee,Gentianales,Rubiaceae,Psychotria,nervosa,0.0001,
LK-09,Shiny-leaved Wild Coffee,Gentianales,Rubiaceae,Psychotria,nervosa,0.0075,
QW-13,White Beggarticks,Asterales,Asteraceae,Bidens,alba,0.0001,
QW-13,Trailing Daisy,Asterales,Asteraceae,Sphagneticola,trilobata,0.01,
QW-13,Santa Maria Feverfew,Asterales,Asteraceae,Parthenium,hysterophorus,0.0001,
QW-13,Turkey Tangle Frogfruit,Lamiales,Verbenaceae,Phyla,nodiflora,0.0001,
QW-13,Shrubby False Buttonweed,Gentianales,Rubiaceae,Spermacoce,verticillata,0.0001,
QW-13,Creeping Indigo,Fabales,Fabaceae,Indigofera,spicata,0.0001,
QW-13,Browne's Blechum,Lamiales,Acanthaceae,Ruellia,blechum ,0.0001,
QW-13,Wax-leaf Ligustrum,Lamiales,Oleaceae,Ligustrum,japonicum ,0.01,https://www.inaturalist.org/observations/292863103
QW-14,Creeping Beggarweed,Fabales,Fabaceae,Desmodium,incanum,0.0001,
QW-14,Shrubby False Buttonweed,Gentianales,Rubiaceae,Spermacoce,verticillata,0.0025,
QW-14,Straggler Daisy,Asterales,Asteraceae,Calyptocarpus,vialis,0.0001,https://www.inaturalist.org/observations/292869053
QW-14,Largeflower Mexican Clover,Gentianales,Rubiaceae,Richardia,grandiflora,0.0001,
QW-14,Lilac Tasselflower,Asterales,Asteraceae,Emilia,sonchifolia,0.0001,
QW-14,Caribbean Stylo,Fabales,Fabaceae,Stylosanthes,hamata,0.0001,https://www.inaturalist.org/observations/292870610
QW-14,Gomphrena Weed,Caryophyllales,Amaranthaceae,Gomphrena,serrata,0.0001,
QW-15,White Beggarticks,Asterales,Asteraceae,Bidens,alba,0.0001,
QW-15,Madagascar Periwinkle,Gentianales,Apocynaceae,Catharanthus,roseus,0.05,
QW-15,Shrubby False Buttonweed,Gentianales,Rubiaceae,Spermacoce,verticillata,0.01,
QW-15,Largeflower Mexican Clover,Gentianales,Rubiaceae,Richardia,grandiflora,0.0001,
QW-15,Oceanblue Morning Glory,Solanales,Convolvulaceae,Ipomoea,indica,0.0001,
QW-16,Largeflower Mexican Clover,Gentianales,Rubiaceae,Richardia,grandiflora,0.05,
QW-16,White Beggarticks,Asterales,Asteraceae,Bidens,alba,0.01,
QW-16,Turkey Tangle Frogfruit,Lamiales,Verbenaceae,Phyla,nodiflora,0.05,
QW-16,Creeping Beggarweed,Fabales,Fabaceae,Desmodium,incanum,0.0001,
QW-16,Caribbean Stylo,Fabales,Fabaceae,Stylosanthes,hamata,0.0001,https://www.inaturalist.org/observations/292897050
QW-16,Common Fanpetals,Malvales,Malvaceae,Sida,ulmifolia,0.0001,
HK-09,West Indian Milkberry,Gentianales,Rubiaceae,Chiococca,alba,0.01,https://www.inaturalist.org/observations/292936700
VV-13,Turkey Tangle Frogfruit,Lamiales,Verbenaceae,Phyla,nodiflora,0.01,
VV-13,Shrubby False Buttonweed,Gentianales,Rubiaceae,Spermacoce,verticillata,0.0025,
VV-13,Browne's Blechum,Lamiales,Acanthaceae,Ruellia,blechum ,0.0001,
VV-13,Creeping Beggarweed,Fabales,Fabaceae,Desmodium,incanum,0.0001,
VV-13,Asthma Plant,Malpighiales,Euphorbiaceae,Euphorbia,hirta,0.0001,
VV-13,Hyssop Spurge,Malpighiales,Euphorbiaceae,Euphorbia,hyssopifolia,0.0001,https://www.inaturalist.org/observations/294302978
VV-13,Largeflower Mexican Clover,Gentianales,Rubiaceae,Richardia,grandiflora,0.0001,
VV-14,Shrubby False Buttonweed,Gentianales,Rubiaceae,Spermacoce,verticillata,0.0025,
VV-14,Bracted Fanpetals,Malvales,Malvaceae,Sida,ciliaris,0.0001,https://www.inaturalist.org/observations/294315262
VV-14,Paraguayan Purslane,Caryophyllales,Portulacaceae,Portulaca,amilis,0.0001,https://www.inaturalist.org/observations/294315760
VV-15,Turkey Tangle Frogfruit,Lamiales,Verbenaceae,Phyla,nodiflora,0.01,
VV-15,Largeflower Mexican Clover,Gentianales,Rubiaceae,Richardia,grandiflora,0.01,
VV-15,Shrubby False Buttonweed,Gentianales,Rubiaceae,Spermacoce,verticillata,0.0001,
VV-15,Big Caltrop,Zygophyllales,Zygophyllaceae,Kallstroemia,maxima,0.0001,
VV-15,White Beggarticks,Asterales,Asteraceae,Bidens,alba,0.0001,
VV-15,Creeping Beggarweed,Fabales,Fabaceae,Desmodium,incanum,0.0001,https://www.inaturalist.org/observations/294324213
VV-15,White Moneywort,Fabales,Fabaceae,Alysicarpus,vaginalis,0.0001,
VV-15,Browne's Blechum,Lamiales,Acanthaceae,Ruellia,blechum ,0.0001,
VV-15,Seabeach Evening-Primrose,Myrtales,Onagraceae,Oenothera,humifusa,0.0001,https://www.inaturalist.org/observations/294327201
VV-15,Diacrodon compressus,Gentianales,Rubiaceae,Diacrodon,compressus,0.0001,https://www.inaturalist.org/observations/294327876
VV-16,Largeflower Mexican Clover,Gentianales,Rubiaceae,Richardia,grandiflora,0.005,
VV-16,Turkey Tangle Frogfruit,Lamiales,Verbenaceae,Phyla,nodiflora,0.0025,
VV-16,Creeping Indigo,Fabales,Fabaceae,Indigofera,spicata,0.0001,
VV-16,Shrubby False Buttonweed,Gentianales,Rubiaceae,Spermacoce,verticillata,0.0025,
VV-16,White Beggarticks,Asterales,Asteraceae,Bidens,alba,0.0001,
VV-16,Gomphrena Weed,Caryophyllales,Amaranthaceae,Gomphrena,serrata,0.0001,https://www.inaturalist.org/observations/294333640
VV-16,Climbing Dayflower,Commelinales,Commelinaceae,Commelina,diffusa,0.0001,https://www.inaturalist.org/observations/294336487
CB-13,Largeflower Mexican Clover,Gentianales,Rubiaceae,Richardia,grandiflora,0.0025,
CB-13,Common Fanpetals,Malvales,Malvaceae,Sida,ulmifolia,0.0001,
CB-13,White Beggarticks,Asterales,Asteraceae,Bidens,alba,0.0001,
CB-13,Nodeweed,Asterales,Asteraceae,Synedrella,nodiflora,0.0001,https://www.inaturalist.org/observations/294357096
CB-13,Lilac Tasselflower,Asterales,Asteraceae,Emilia,sonchifolia,0.0001,
CB-13,Asthma Plant,Malpighiales,Euphorbiaceae,Euphorbia,hirta,0.01,
CB-13,Shrubby False Buttonweed,Gentianales,Rubiaceae,Spermacoce,verticillata,0.0025,
CB-13,Turkey Tangle Frogfruit,Lamiales,Verbenaceae,Phyla,nodiflora,0.0001,
CB-13,Trailing Daisy,Asterales,Asteraceae,Sphagneticola,trilobata,0.0001,
CB-14,Shrubby False Buttonweed,Gentianales,Rubiaceae,Spermacoce,verticillata,0.0001,
CB-14,Largeflower Mexican Clover,Gentianales,Rubiaceae,Richardia,grandiflora,0.0001,
CB-14,Turkey Tangle Frogfruit,Lamiales,Verbenaceae,Phyla,nodiflora,0.0001,
CB-14,Big Caltrop,Zygophyllales,Zygophyllaceae,Kallstroemia,maxima,0.0025,
CB-14,Common Purslane,Caryophyllales,Portulacaceae,Portulaca,oleracea,0.0001,
CB-14,Virginia Pepperweed,Brassicales,Brassicaceae,Lepidium,virginicum,0.0001,
CB-14,Asthma Plant,Malpighiales,Euphorbiaceae,Euphorbia,hirta,0.0001,
CB-15,Trailing Daisy,Asterales,Asteraceae,Sphagneticola,trilobata,0.01,
CB-15,Creeping Beggarweed,Fabales,Fabaceae,Desmodium,incanum,0.0001,
CB-15,Shrubby False Buttonweed,Gentianales,Rubiaceae,Spermacoce,verticillata,0.0001,
CB-15,Turkey Tangle Frogfruit,Lamiales,Verbenaceae,Phyla,nodiflora,0.0025,
CB-15,"Knotweeds, Smartweeds, and Waterpeppers",Caryophyllales,Polygonaceae,Persicaria,,0.0001,https://www.inaturalist.org/observations/294584087
CB-15,Lax Hornpod,Gentianales,Loganiaceae,Mitreola,petiolata,0.0001,https://www.inaturalist.org/observations/294584344
CB-15,Cigar Plants and Allies,Myrtales,Lythraceae,Cuphea,,0.0001,https://www.inaturalist.org/observations/294584585
CB-15,Buttonweed,Gentianales,Rubiaceae,Diodia,virginiana,0.0001,
CB-16,Shrubby False Buttonweed,Gentianales,Rubiaceae,Spermacoce,verticillata,0.01,
CB-16,Old World Diamond Flower,Gentianales,Rubiaceae,Oldenlandia,corymbosa,0.0025,
CB-16,Knotroot Bristlegrass,Poales,Poaceae,Setaria,parviflora,0.0001,
CB-16,Woodland False Buttonweed,Gentianales,Rubiaceae,Spermacoce,remota,0.0001,
QW-17,Turkey Tangle Frogfruit,Lamiales,Verbenaceae,Phyla,nodiflora,0.01,
QW-17,Shrubby False Buttonweed,Gentianales,Rubiaceae,Spermacoce,verticillata,0.0025,
QW-17,Largeflower Mexican Clover,Gentianales,Rubiaceae,Richardia,grandiflora,0.0025,
QW-17,Creeping Beggarweed,Fabales,Fabaceae,Desmodium,incanum,0.0001,https://www.inaturalist.org/observations/295978368
QW-17,Climbing Dayflower,Commelinales,Commelinaceae,Commelina,diffusa,0.0001,https://www.inaturalist.org/observations/295978731
QW-17,Buttonweed,Gentianales,Rubiaceae,Diodia,virginiana,0.0001,https://www.inaturalist.org/observations/295979503
QW-17,False Daisy,Asterales,Asteraceae,Eclipta,prostrata,0.0001,https://www.inaturalist.org/observations/295980236
QW-17,Caribbean Stylo,Fabales,Fabaceae,Stylosanthes,hamata,0.0001,https://www.inaturalist.org/observations/295981161
QW-17,Common Purslane,Caryophyllales,Portulacaceae,Portulaca,oleracea,0.0001,https://www.inaturalist.org/observations/295989573
QW-18,Trailing Daisy,Asterales,Asteraceae,Sphagneticola,trilobata,0.0001,
QW-18,Beach Naupaka,Asterales,Goodeniaceae,Scaevola,taccada,0.0001,https://www.inaturalist.org/observations/295998492
QW-19,Shrubby False Buttonweed,Gentianales,Rubiaceae,Spermacoce,verticillata,0.0025,
QW-19,Trailing Daisy,Asterales,Asteraceae,Sphagneticola,trilobata,0.0025,
QW-19,Largeflower Mexican Clover,Gentianales,Rubiaceae,Richardia,grandiflora,0.005,
QW-19,Turkey Tangle Frogfruit,Lamiales,Verbenaceae,Phyla,nodiflora,0.0001,
QW-19,Caribbean Stylo,Fabales,Fabaceae,Stylosanthes,hamata,0.0001,https://www.inaturalist.org/observations/296002392
QW-19,Straggler Daisy,Asterales,Asteraceae,Calyptocarpus,vialis,0.0001,
QW-19,Creeping Beggarweed,Fabales,Fabaceae,Desmodium,incanum,0.0001,https://www.inaturalist.org/observations/296004077
QW-20,Creeping Beggarweed,Fabales,Fabaceae,Desmodium,incanum,0.0001,https://www.inaturalist.org/observations/296016234
QW-20,Turkey Tangle Frogfruit,Lamiales,Verbenaceae,Phyla,nodiflora,0.05,
QW-20,Largeflower Mexican Clover,Gentianales,Rubiaceae,Richardia,grandiflora,0.005,
QW-20,Shrubby False Buttonweed,Gentianales,Rubiaceae,Spermacoce,verticillata,0.05,
QW-20,Common Fanpetals,Malvales,Malvaceae,Sida,ulmifolia,0.0001,
QW-20,Climbing Dayflower,Commelinales,Commelinaceae,Commelina,diffusa,0.0001,https://www.inaturalist.org/observations/296016554
QW-20,Gomphrena Weed,Caryophyllales,Amaranthaceae,Gomphrena,serrata,0.0001,
QW-20,White Beggarticks,Asterales,Asteraceae,Bidens,alba,0.0001,
QW-20,Asthma Plant,Malpighiales,Euphorbiaceae,Euphorbia,hirta,0.0001,
MT-10,White Beggarticks,Asterales,Asteraceae,Bidens,alba,0.0001,
MT-10,Bitter Melon,Cucurbitales,Cucubitaceae,Momordica,charantia,0.0001,
MT-10,American Beautyberry,Lamiales,Lamiaceae,Callicarpa,americana,0.0001,
MT-11,Largeflower Mexican Clover,Gentianales,Rubiaceae,Richardia,grandiflora,0.0001,
MT-11,Tropic Croton,Malpighiales,Euphorbiaceae,Croton,glandulosus,0.0001,https://www.inaturalist.org/observations/296056295
MT-11,Lilac Tasselflower,Asterales,Asteraceae,Emilia,sonchifolia,0.0001,
MT-11,Shrubby False Buttonweed,Gentianales,Rubiaceae,Spermacoce,verticillata,0.0025,
MT-12,American Beautyberry,Lamiales,Lamiaceae,Callicarpa,americana,0.0001,
MT-12,Lilac Tasselflower,Asterales,Asteraceae,Emilia,sonchifolia,0.0001,
MT-12,White Beggarticks,Asterales,Asteraceae,Bidens,alba,0.0001,
MT-12,Creeping Cucumber,Cucurbitales,Cucurbitaceae,Melothria,pendula,0.0001,
HK-10,White Beggarticks,Asterales,Asteraceae,Bidens,alba,0.0001,
HK-10,American Beautyberry,Lamiales,Lamiaceae,Callicarpa,americana,0.0001,
HK-10,Nettletree,Rosales,Cannabaceae,Trema,micranthum var. floridanum ,0.0001,
HS-10,Largeflower Mexican Clover,Gentianales,Rubiaceae,Richardia,grandiflora,0.005,
HS-10,Shrubby False Buttonweed,Gentianales,Rubiaceae,Spermacoce,verticillata,0.0025,
HS-10,Trailing Daisy,Asterales,Asteraceae,Sphagneticola,trilobata,0.0001,
HS-10,White Beggarticks,Asterales,Asteraceae,Bidens,alba,0.0001,
HS-10,Madagascar Periwinkle,Gentianales,Apocynaceae,Catharanthus,roseus,0.01,
HS-10,Narrowleaf Silkgrass,Asterales,Asteraceae,Pityopsis,graminifolia,0.0025,
HS-10,Earleaf Greenbrier,Liliales,Smilacaceae,Smilax,auriculata,0.0001,
HS-11,Shrubby False Buttonweed,Gentianales,Rubiaceae,Spermacoce,verticillata,0.0025,
HS-11,Trailing Daisy,Asterales,Asteraceae,Sphagneticola,trilobata,0.0025,
HS-11,White Beggarticks,Asterales,Asteraceae,Bidens,alba,0.0001,
HS-11,Largeflower Mexican Clover,Gentianales,Rubiaceae,Richardia,grandiflora,0.0001,
HS-12,Largeflower Mexican Clover,Gentianales,Rubiaceae,Richardia,grandiflora,0.0001,
HS-12,Madagascar Periwinkle,Gentianales,Apocynaceae,Catharanthus,roseus,0.005,
HS-12,Shrubby False Buttonweed,Gentianales,Rubiaceae,Spermacoce,verticillata,0.0025,
HS-12,Southern Beeblossom,Myrtales,Onagraceae,Oenothera,simulans,0.0001,
HS-12,White Beggarticks,Asterales,Asteraceae,Bidens,alba,0.0001,
MK-22,Shrubby False Buttonweed,Gentianales,Rubiaceae,Spermacoce,verticillata,0.005,
MK-22,Turkey Tangle Frogfruit,Lamiales,Verbenaceae,Phyla,nodiflora,0.01,
MK-23,Largeflower Mexican Clover,Gentianales,Rubiaceae,Richardia,grandiflora,0.0025,
MK-23,Turkey Tangle Frogfruit,Lamiales,Verbenaceae,Phyla,nodiflora,0.0075,
MK-23,Cigar Plants and Allies,Myrtales,Lythraceae,Cuphea,,0.0001,https://www.inaturalist.org/observations/301823866
MK-23,Lax Hornpod,Gentianales,Loganiaceae,Mitreola,petiolata,0.0001,
MK-23,Shrubby False Buttonweed,Gentianales,Rubiaceae,Spermacoce,verticillata,0.0075,
MK-23,Showy Milkwort,Fabales,Polygalaceae,Asemeia,grandiflora,0.0001,https://www.inaturalist.org/observations/301826362
MK-24,Turkey Tangle Frogfruit,Lamiales,Verbenaceae,Phyla,nodiflora,0.0001,
LK-10,Guinea Hen Weed,Caryophyllales,Petiveriaceae,Petiveria,alliacea,0.0001,
LK-10,Pheasants Tail,Alismatales,Araceae,Anthurium,schlechtendalii,0.0001,
LK-12,Southern Needleleaf Airplant,Poales,Bromeliaceae,Tillandsia,setacea,0.0001,
QW-21,Turkey Tangle Frogfruit,Lamiales,Verbenaceae,Phyla,nodiflora,0.005,
QW-21,Creeping Beggarweed,Fabales,Fabaceae,Desmodium,incanum,0.0001,
QW-21,Largeflower Mexican Clover,Gentianales,Rubiaceae,Richardia,grandiflora,0.0025,
QW-21,Common Purslane,Caryophyllales,Portulacaceae,Portulaca,oleracea,0.0001,
QW-21,Creeping Indigo,Fabales,Fabaceae,Indigofera,spicata,0.0001,
QW-21,Caribbean Stylo,Fabales,Fabaceae,Stylosanthes,hamata,0.0001,https://www.inaturalist.org/observations/306011703
QW-22,Largeflower Mexican Clover,Gentianales,Rubiaceae,Richardia,grandiflora,0.005,
QW-22,Turkey Tangle Frogfruit,Lamiales,Verbenaceae,Phyla,nodiflora,0.0025,
QW-22,Asthma Plant,Malpighiales,Euphorbiaceae,Euphorbia,hirta,0.0025,https://www.inaturalist.org/observations/306016707
QW-22,Common Fanpetals,Malvales,Malvaceae,Sida,ulmifolia,0.0001,
QW-22,Caribbean Stylo,Fabales,Fabaceae,Stylosanthes,hamata,0.0001,
QW-22,White Beggarticks,Asterales,Asteraceae,Bidens,alba,0.0001,
QW-22,Shrubby False Buttonweed,Gentianales,Rubiaceae,Spermacoce,verticillata,0.0001,
QW-22,Creeping Indigo,Fabales,Fabaceae,Indigofera,spicata,0.0001,
QW-23,Trailing Daisy,Asterales,Asteraceae,Sphagneticola,trilobata,0.0001,
QW-24,Largeflower Mexican Clover,Gentianales,Rubiaceae,Richardia,grandiflora,0.0025,
QW-24,Common Fanpetals,Malvales,Malvaceae,Sida,ulmifolia,0.0001,
QW-24,Turkey Tangle Frogfruit,Lamiales,Verbenaceae,Phyla,nodiflora,0.0001,
QW-24,Shrubby False Buttonweed,Gentianales,Rubiaceae,Spermacoce,verticillata,0.0001,
QW-24,Hyssop Spurge,Malpighiales,Euphorbiaceae,Euphorbia,hyssopifolia,0.0001,https://www.inaturalist.org/observations/306047070
MT-13,Pine Barren Goldenrod,Asterales,Asteraceae,Solidago,fistulosa,0.03,https://www.inaturalist.org/observations/306057769
MT-14,Eastern Milkpea,Fabales,Fabaceae,Galactia,volubilis,0.0001,https://www.inaturalist.org/observations/306064905
MT-15,American Pokeweed,Caryophyllales,Phytolaccaceae,Phytolacca,americana,0.0001,
MT-15,American Beautyberry,Lamiales,Lamiaceae,Callicarpa,americana,0.0001,
HS-13,Shrubby False Buttonweed,Gentianales,Rubiaceae,Spermacoce,verticillata,0.0001,
HS-14,Partridge Pea,Fabales,Fabaceae,Chamaecrista,fasciculata,0.0001,
HS-14,Feay's Prairie Clover,Fabales,Fabaceae,Dalea,feayi,0.0001,
HS-14,Whitemouth Dayflower,Commelinales,Commelinaceae,Commelina,erecta,0.0001,
HS-15,Whitemouth Dayflower,Commelinales,Commelinaceae,Commelina,erecta,0.0001,
HS-15,Largeflower Mexican Clover,Gentianales,Rubiaceae,Richardia,grandiflora,0.0001,
HK-13,Lilac Tasselflower,Asterales,Asteraceae,Emilia,sonchifolia,0.0001,
HK-13,White Beggarticks,Asterales,Asteraceae,Bidens,alba,0.0001,
HK-14,White Beggarticks,Asterales,Asteraceae,Bidens,alba,0.0025,
HK-14,Lilac Tasselflower,Asterales,Asteraceae,Emilia,sonchifolia,0.0001,
HK-14,Firebush,Gentianales,Rubiaceae,Hamelia,patens,0.0001,
CB-17,Largeflower Mexican Clover,Gentianales,Rubiaceae,Richardia,grandiflora,0.005,
CB-17,Turkey Tangle Frogfruit,Lamiales,Verbenaceae,Phyla,nodiflora,0.0025,
CB-17,Shrubby False Buttonweed,Gentianales,Rubiaceae,Spermacoce,verticillata,0.0001,
CB-17,Knotroot Bristlegrass,Poales,Poaceae,Setaria,parviflora,0.0001,
CB-17,Big Caltrop, Zygophyllales,Zygophyllaceae,Kallstroemia,maxima,0.0001,
CB-18,Shrubby False Buttonweed,Gentianales,Rubiaceae,Spermacoce,verticillata,0.0025,
CB-18,Largeflower Mexican Clover,Gentianales,Rubiaceae,Richardia,grandiflora,0.0001,
CB-18,Turkey Tangle Frogfruit,Lamiales,Verbenaceae,Phyla,nodiflora,0.0001,
CB-19,Shrubby False Buttonweed,Gentianales,Rubiaceae,Spermacoce,verticillata,0.0025,
CB-19,Largeflower Mexican Clover,Gentianales,Rubiaceae,Richardia,grandiflora,0.0075,
CB-19,Lilac Tasselflower,Asterales,Asteraceae,Emilia,sonchifolia,0.0001,
CB-19,Creeping Beggarweed,Fabales,Fabaceae,Desmodium,incanum,0.0001,
CB-19,Asthma Plant,Malpighiales,Euphorbiaceae,Euphorbia,hirta,0.005,https://www.inaturalist.org/observations/306501637
CB-19,Common Fanpetals,Malvales,Malvaceae,Sida,ulmifolia,0.0001,
CB-20,Largeflower Mexican Clover,Gentianales,Rubiaceae,Richardia,grandiflora,0.0025,
CB-20,Common Fanpetals,Malvales,Malvaceae,Sida,ulmifolia,0.0001,
CB-20,Shrubby False Buttonweed,Gentianales,Rubiaceae,Spermacoce,verticillata,0.0001,
CB-20,Asthma Plant,Malpighiales,Euphorbiaceae,Euphorbia,hirta,0.0025,https://www.inaturalist.org/observations/306510154
CB-20,Turkey Tangle Frogfruit,Lamiales,Verbenaceae,Phyla,nodiflora,0.005,
CB-20,Creeping Beggarweed,Fabales,Fabaceae,Desmodium,incanum,0.0001,
CB-20,White Beggarticks,Asterales,Asteraceae,Bidens,alba,0.0001,
CB-20,Big Caltrop, Zygophyllales,Zygophyllaceae,Kallstroemia,maxima,0.0001,
MK-26,Shrubby False Buttonweed,Gentianales,Rubiaceae,Spermacoce,verticillata,0.0025,
MK-26,Turkey Tangle Frogfruit,Lamiales,Verbenaceae,Phyla,nodiflora,0.005,
MK-26,Trailing Daisy,Asterales,Asteraceae,Sphagneticola,trilobata,0.0001,
MK-26,Woodland False Buttonweed,Gentianales,Rubiaceae,Spermacoce,remota,0.0001,
MK-26,Buttonweed,Gentianales,Rubiaceae,Diodia,virginiana,0.0025,
MK-26,Horseweed,Asterales,Asteraceae,Erigeron,canadensis,0.0001,https://www.inaturalist.org/observations/306541548
MK-28,Turkey Tangle Frogfruit,Lamiales,Verbenaceae,Phyla,nodiflora,0.0025,
MK-28,Shrubby False Buttonweed,Gentianales,Rubiaceae,Spermacoce,verticillata,0.0001,
MK-28,Largeflower Mexican Clover,Gentianales,Rubiaceae,Richardia,grandiflora,0.0001,
MK-29,Shrubby False Buttonweed,Gentianales,Rubiaceae,Spermacoce,verticillata,0.0001,
MK-29,Nodeweed,Asterales,Asteraceae,Synedrella,nodiflora,0.0001,https://www.inaturalist.org/observations/306561300
VV-18,Largeflower Mexican Clover,Gentianales,Rubiaceae,Richardia,grandiflora,0.02,
VV-18,Shrubby False Buttonweed,Gentianales,Rubiaceae,Spermacoce,verticillata,0.02,
VV-18,Hyssop Spurge,Malpighiales,Euphorbiaceae,Euphorbia,hyssopifolia,0.02,https://www.inaturalist.org/observations/307267727
VV-18,White Beggarticks,Asterales,Asteraceae,Bidens,alba,0.0001,
VV-18,Asthma Plant,Malpighiales,Euphorbiaceae,Euphorbia,hirta,0.02,https://www.inaturalist.org/observations/307268207
VV-18,Turkey Tangle Frogfruit,Lamiales,Verbenaceae,Phyla,nodiflora,0.0025,
VV-18,Tridax Daisy,Asterales,Asteraceae,Tridax,procumbens,0.0001,
VV-18,Common Fanpetals,Malvales,Malvaceae,Sida,ulmifolia,0.0001,
VV-19,Largeflower Mexican Clover,Gentianales,Rubiaceae,Richardia,grandiflora,0.0001,
VV-19,Turkey Tangle Frogfruit,Lamiales,Verbenaceae,Phyla,nodiflora,0.0001,
VV-19,Stiffhair Waxweed,Myrtales,Lythraceae,Cuphea,strigulosa,0.0001,https://www.inaturalist.org/observations/307294893
VV-19,Buttonweed,Gentianales,Rubiaceae,Diodia,virginiana,0.0001,
VV-19,Florida Hammock Sandmat,Malpighiales,Euphorbiaceae,Euphorbia,ophthalmica,0.0001,https://www.inaturalist.org/observations/307295501
VV-19,Shrubby False Buttonweed,Gentianales,Rubiaceae,Spermacoce,verticillata,0.0001,
VV-20,Largeflower Mexican Clover,Gentianales,Rubiaceae,Richardia,grandiflora,0.0001,
VV-20,Creeping Indigo,Fabales,Fabaceae,Indigofera,spicata,0.0001,
VV-20,Turkey Tangle Frogfruit,Lamiales,Verbenaceae,Phyla,nodiflora,0.0001,
LK-13,Pigeonberry,Caryophyllales,Petiveriaceae,Rivina,humilis,0.0025,https://www.inaturalist.org/observations/307317344
LK-14,Spanish Needles,Asterales,Asteraceae,Bidens,bipinnata,0.0001,https://www.inaturalist.org/observations/307322761
LK-14,Tropical Milkweed,Gentianales,Apocynaceae,Asclepias,curassavica,0.0001,
LK-14,White Beggarticks,Asterales,Asteraceae,Bidens,alba,0.0001,
LK-15,White Beggarticks,Asterales,Asteraceae,Bidens,alba,0.05,
LK-15,Shrubby False Buttonweed,Gentianales,Rubiaceae,Spermacoce,verticillata,0.0001,
LK-15,Largeflower Mexican Clover,Gentianales,Rubiaceae,Richardia,grandiflora,0.0001,
LK-15,Red Tasselflower,Asterales,Asteraceae,Emilia,fosbergii,0.0025,
LK-15,Common Fanpetals,Malvales,Malvaceae,Sida,ulmifolia,0.005,https://www.inaturalist.org/observations/307334392
MK-31,Shoebutton Ardisia,Ericales,Primulaceae,Ardisia,elliptica,0.0001,https://www.inaturalist.org/observations/313096858
MK-32,Shrubby False Buttonweed,Gentianales,Rubiaceae,Spermacoce,verticillata,0.0001,
MK-32,Lilac Tasselflower,Asterales,Asteraceae,Emilia,sonchifolia,0.0001,
MK-32,Creeping Beggarweed,Fabales,Fabaceae,Desmodium,incanum,0.0001,https://www.inaturalist.org/observations/313101967
MK-32,White Clover,Fabales,Fabaceae,Trifolium,repens,0.0001,
MK-32,Woodland False Buttonweed,Gentianales,Rubiaceae,Spermacoce,remota,0.001,https://www.inaturalist.org/observations/313102706
MK-34,Largeflower Mexican Clover,Gentianales,Rubiaceae,Richardia,grandiflora,0.01,
MK-34,Turkey Tangle Frogfruit,Lamiales,Verbenaceae,Phyla,nodiflora,0.05,
MK-34,Common Purslane,Caryophyllales,Portulacaceae,Portulaca,oleracea,0.0001,https://www.inaturalist.org/observations/313112107
MK-34,White Beggarticks,Asterales,Asteraceae,Bidens,alba,0.0001,
MK-34,Paraguayan Purslane,Caryophyllales,Portulacaceae,Portulaca,amilis,0.0001,https://www.inaturalist.org/observations/313112582
MK-34,Sidebeak Pencilflower,Fabales,Fabaceae,Stylosanthes,biflora,0.0001,https://www.inaturalist.org/observations/313113174
MK-34,Creeping Tick Trefoil,Fabales,Fabaceae,Grona,triflora,0.0001,https://www.inaturalist.org/observations/313113917
MK-34,Shrubby False Buttonweed,Gentianales,Rubiaceae,Spermacoce,verticillata,0.0001,
MK-34,White Moneywort,Fabales,Fabaceae,Alysicarpus,vaginalis,0.0001,https://www.inaturalist.org/observations/313116647
MK-34,Straggler Daisy,Asterales,Asteraceae,Calyptocarpus,vialis,0.0001,https://www.inaturalist.org/observations/313119289
MK-34,Asthma Plant,Malpighiales,Euphorbiaceae,Euphorbia,hirta,0.0001,https://www.inaturalist.org/observations/313119465
MK-35,Turkey Tangle Frogfruit,Lamiales,Verbenaceae,Phyla,nodiflora,0.0001,
MK-35,White Beggarticks,Asterales,Asteraceae,Bidens,alba,0.0001,
MK-35,Nodeweed,Asterales,Asteraceae,Synedrella,nodiflora,0.0001,https://www.inaturalist.org/observations/313155717
CB-21,Largeflower Mexican Clover,Gentianales,Rubiaceae,Richardia,grandiflora,0.0025,
CB-21,Turkey Tangle Frogfruit,Lamiales,Verbenaceae,Phyla,nodiflora,0.0001,
CB-21,Shrubby False Buttonweed,Gentianales,Rubiaceae,Spermacoce,verticillata,0.0001,
CB-21,Florida Hammock Sandmat,Malpighiales,Euphorbiaceae,Euphorbia,ophthalmica,0.0001,https://www.inaturalist.org/observations/313156133
CB-22,White Beggarticks,Asterales,Asteraceae,Bidens,alba,0.0001,
CB-22,Largeflower Mexican Clover,Gentianales,Rubiaceae,Richardia,grandiflora,0.0001,
CB-22,Shrubby False Buttonweed,Gentianales,Rubiaceae,Spermacoce,verticillata,0.0001,
CB-22,Turkey Tangle Frogfruit,Lamiales,Verbenaceae,Phyla,nodiflora,0.01,
CB-22,Red Caustic-Creeper,Malpighiales,Euphorbiaceae,Euphorbia,thymifolia,0.0001,https://www.inaturalist.org/observations/313160665
CB-22,Gomphrena Weed,Caryophyllales,Amaranthaceae,Gomphrena,serrata,0.001,
CB-22,Asthma Plant,Malpighiales,Euphorbiaceae,Euphorbia,hirta,0.0001,https://www.inaturalist.org/observations/313160438
CB-23,Turkey Tangle Frogfruit,Lamiales,Verbenaceae,Phyla,nodiflora,0.005,
CB-23,Shrubby False Buttonweed,Gentianales,Rubiaceae,Spermacoce,verticillata,0.005,
CB-24,Shrubby False Buttonweed,Gentianales,Rubiaceae,Spermacoce,verticillata,0.0001,
CB-24,Largeflower Mexican Clover,Gentianales,Rubiaceae,Richardia,grandiflora,0.0001,
CB-24,White Beggarticks,Asterales,Asteraceae,Bidens,alba,0.0001,
CB-24,Nodeweed,Asterales,Asteraceae,Synedrella,nodiflora,0.0001,https://www.inaturalist.org/observations/313171024
CB-24,Asthma Plant,Malpighiales,Euphorbiaceae,Euphorbia,hirta,0.0001,https://www.inaturalist.org/observations/313171970
HK-16,White Beggarticks,Asterales,Asteraceae,Bidens,alba,0.0025,
HK-16,American Beautyberry,Lamiales,Lamiaceae,Callicarpa,americana,0.0001,
HK-16,Caesaer Weed,Malvales,Malvaceae,Urena,lobata,0.0001,
HK-17,White Beggarticks,Asterales,Asteraceae,Bidens,alba,0.01,
HK-17,Firebush,Gentianales,Rubiaceae,Hamelia,patens,0.0025,
HK-18,White Beggarticks,Asterales,Asteraceae,Bidens,alba,0.0001,
MT-16,Tropic Croton,Malpighiales,Euphorbiaceae,Croton,glandulosus,0.05,https://www.inaturalist.org/observations/314127894
MT-16,Largeflower Mexican Clover,Gentianales,Rubiaceae,Richardia,grandiflora,0.03,
MT-16,Tridax Daisy,Asterales,Asteraceae,Tridax,procumbens,0.0001,
MT-16,White Beggarticks,Asterales,Asteraceae,Bidens,alba,0.005,
MT-16,Shrubby False Buttonweed,Gentianales,Rubiaceae,Spermacoce,verticillata,0.0001,
MT-16,Common Fanpetals,Malvales,Malvaceae,Sida,ulmifolia,0.0001,https://www.inaturalist.org/observations/314139809
MT-16,Florida Beggarweed,Fabales,Fabaceae,Desmodium,tortuosum,0.0001,https://www.inaturalist.org/observations/314140009
MT-16,Horseweed,Asterales,Asteraceae,Erigeron,canadensis,0.0001,https://www.inaturalist.org/observations/314146393
MT-17,Chapman's Goldenrod,Asterales,Asteraceae,Solidago,chapmanii,0.0025,https://www.inaturalist.org/observations/314152410
MT-18,Caesaer Weed,Malvales,Malvaceae,Urena,lobata,0.0025,
MT-18,American Beautyberry,Lamiales,Lamiaceae,Callicarpa,americana,0.0001,
MT-18,White Beggarticks,Asterales,Asteraceae,Bidens,alba,0.0001,
LK-17,White Beggarticks,Asterales,Asteraceae,Bidens,alba,0.03,
LK-17,Turkey Tangle Frogfruit,Lamiales,Verbenaceae,Phyla,nodiflora,0.01,
LK-17,Largeflower Mexican Clover,Gentianales,Rubiaceae,Richardia,grandiflora,0.0001,
LK-17,Hyssop Spurge,Malpighiales,Euphorbiaceae,Euphorbia,hyssopifolia,0.0001,https://www.inaturalist.org/observations/316284398
LK-17,Camphorweed,Asterales,Asteraceae,Heterotheca,subaxillaris,0.0001,https://www.inaturalist.org/observations/316285379
LK-17,Spreading Chinchweed,Asterales,Asteraceae,Pectis,prostrata,0.0025,https://www.inaturalist.org/observations/316288771
LK-17,Asthma Plant,Malpighiales,Euphorbiaceae,Euphorbia,hirta,0.0001,https://www.inaturalist.org/observations/316289099
VV-21,Trailing Daisy,Asterales,Asteraceae,Sphagneticola,trilobata,0.0001,
VV-21,Largeflower Mexican Clover,Gentianales,Rubiaceae,Richardia,grandiflora,0.0001,
VV-21,Turkey Tangle Frogfruit,Lamiales,Verbenaceae,Phyla,nodiflora,0.0001,
VV-21,Cigar Plants and Allies,Myrtales,Lythraceae,Cuphea,,0.0001,https://www.inaturalist.org/observations/316309334
VV-21,Common Fanpetals,Malvales,Malvaceae,Sida,ulmifolia,0.0001,
VV-21,Shrubby False Buttonweed,Gentianales,Rubiaceae,Spermacoce,verticillata,0.0001,
VV-21,Creeping Beggarweed,Fabales,Fabaceae,Desmodium,incanum,0.0001,
VV-22,Turkey Tangle Frogfruit,Lamiales,Verbenaceae,Phyla,nodiflora,0.03,
VV-22,Largeflower Mexican Clover,Gentianales,Rubiaceae,Richardia,grandiflora,0.005,
VV-22,Shrubby False Buttonweed,Gentianales,Rubiaceae,Spermacoce,verticillata,0.0001,
VV-23,Turkey Tangle Frogfruit,Lamiales,Verbenaceae,Phyla,nodiflora,0.05,
VV-23,White Beggarticks,Asterales,Asteraceae,Bidens,alba,0.05,
VV-23,Shrubby False Buttonweed,Gentianales,Rubiaceae,Spermacoce,verticillata,0.0001,
VV-23,Horseweed,Asterales,Asteraceae,Erigeron,canadensis,0.0001,https://www.inaturalist.org/observations/316340884
VV-24,White Beggarticks,Asterales,Asteraceae,Bidens,alba,0.0001,
VV-24,Shrubby False Buttonweed,Gentianales,Rubiaceae,Spermacoce,verticillata,0.0001,
VV-24,Asthma Plant,Malpighiales,Euphorbiaceae,Euphorbia,hirta,0.0001,https://www.inaturalist.org/observations/316347842
VV-24,Turkey Tangle Frogfruit,Lamiales,Verbenaceae,Phyla,nodiflora,0.0001,
VV-24,Tridax Daisy,Asterales,Asteraceae,Tridax,procumbens,0.0001,
VV-24,Largeflower Mexican Clover,Gentianales,Rubiaceae,Richardia,grandiflora,0.0001,
VV-24,Straggler Daisy,Asterales,Asteraceae,Calyptocarpus,vialis,0.0001,https://www.inaturalist.org/observations/316348964
VV-24,Hyssop Spurge,Malpighiales,Euphorbiaceae,Euphorbia,hyssopifolia,0.0001,https://www.inaturalist.org/observations/316351148
HS-16,White Beggarticks,Asterales,Asteraceae,Bidens,alba,0.0025,
HS-16,Flannel Weed,Malvales,Malvaceae,Sida,cordifolia,0.0001,https://www.inaturalist.org/observations/316502690
HS-16,Diacrodon compressus,Gentianales,Rubiaceae,Diacrodon,compressus,0.0025,https://www.inaturalist.org/observations/316502594
HS-16,Pursh's Milkpea,Fabales,Fabaceae,Galactia,purshii,0.0001,https://www.inaturalist.org/observations/316505769
HS-17,Flannel Weed,Malvales,Malvaceae,Sida,cordifolia,0.0025,https://www.inaturalist.org/observations/316515090
HS-17,White Beggarticks,Asterales,Asteraceae,Bidens,alba,0.03,
HS-17,Diacrodon compressus,Gentianales,Rubiaceae,Diacrodon,compressus,0.0025,https://www.inaturalist.org/observations/316515904
HS-17,Madagascar Periwinkle,Gentianales,Apocynaceae,Catharanthus,roseus,0.0001,
HS-17,Camphorweed,Asterales,Asteraceae,Heterotheca,subaxillaris,0.0025,https://www.inaturalist.org/observations/316514420
HS-17,Trailing Daisy,Asterales,Asteraceae,Sphagneticola,trilobata,0.0025,
HS-17,Cucumberleaf Sunflower,Asterales,Asteraceae,Helianthus,debilis,0.01,https://www.inaturalist.org/observations/316514715
HS-17,Whitemouth Dayflower,Commelinales,Commelinaceae,Commelina,erecta,0.0025,https://www.inaturalist.org/observations/316514835
HS-17,Tropic Croton,Malpighiales,Euphorbiaceae,Croton,glandulosus,0.0001,https://www.inaturalist.org/observations/316514942
HS-17,Tropical Mexican Clover,Gentianales,Rubiaceae,Richardia,brasiliensis,0.0001,https://www.inaturalist.org/observations/316523331
HS-17,Silkgrasses,Asterales,Asteraceae,Pityopsis,,0.0001,https://www.inaturalist.org/observations/316515440
HS-17,Dune Groundcherry,Solanales,Solanaceae,Physalis,walteri,0.0001,https://www.inaturalist.org/observations/316523557
HS-17,Red Tasselflower,Asterales,Asteraceae,Emilia,fosbergii,0.0001,
HS-17,Shaggy Portulaca,Caryophyllales,Portulacaceae,Portulaca,pilosa,0.0001,https://www.inaturalist.org/observations/316515037
HS-18,October Flower,Caryophyllales,Polygonaceae,Polygonella,polygama,0.0075,https://www.inaturalist.org/observations/316529341
HS-18,Silkgrasses,Asterales,Asteraceae,Pityopsis,,0.0001,https://www.inaturalist.org/observations/316529483
QW-25,Common Fanpetals,Malvales,Malvaceae,Sida,ulmifolia,0.0001,
QW-25,Sidebeak Pencilflower,Fabales,Fabaceae,Stylosanthes,biflora,0.0001,https://www.inaturalist.org/observations/316548142
QW-25,Largeflower Mexican Clover,Gentianales,Rubiaceae,Richardia,grandiflora,0.0001,
QW-25,Turkey Tangle Frogfruit,Lamiales,Verbenaceae,Phyla,nodiflora,0.0001,
QW-26,Shrubby False Buttonweed,Gentianales,Rubiaceae,Spermacoce,verticillata,0.0001,
QW-26,Largeflower Mexican Clover,Gentianales,Rubiaceae,Richardia,grandiflora,0.0001,
QW-27,Largeflower Mexican Clover,Gentianales,Rubiaceae,Richardia,grandiflora,0.0001,
QW-27,Turkey Tangle Frogfruit,Lamiales,Verbenaceae,Phyla,nodiflora,0.0001,
QW-27,Trailing Daisy,Asterales,Asteraceae,Sphagneticola,trilobata,0.0001,
QW-27,Shrubby False Buttonweed,Gentianales,Rubiaceae,Spermacoce,verticillata,0.0001,
QW-28,Largeflower Mexican Clover,Gentianales,Rubiaceae,Richardia,grandiflora,0.0001,
VV-25,Largeflower Mexican Clover,Gentianales,Rubiaceae,Richardia,grandiflora,0.0001,
VV-25,Creeping Indigo,Fabales,Fabaceae,Indigofera,spicata,0.0025,
VV-25,Shrubby False Buttonweed,Gentianales,Rubiaceae,Spermacoce,verticillata,0.0025,
VV-25,White Beggarticks,Asterales,Asteraceae,Bidens,alba,0.0001,
VV-25,Turkey Tangle Frogfruit,Lamiales,Verbenaceae,Phyla,nodiflora,0.0001,
VV-25,Asthma Plant,Malpighiales,Euphorbiaceae,Euphorbia,hirta,0.005,
VV-25,Straggler Daisy,Asterales,Asteraceae,Calyptocarpus,vialis,0.0001,
VV-25,Creeping Beggarweed,Fabales,Fabaceae,Desmodium,incanum,0.0001,
VV-27,Largeflower Mexican Clover,Gentianales,Rubiaceae,Richardia,grandiflora,0.01,
VV-27,Creeping Beggarweed,Fabales,Fabaceae,Desmodium,incanum,0.0001,
VV-27,Turkey Tangle Frogfruit,Lamiales,Verbenaceae,Phyla,nodiflora,0.0001,
VV-27,Trailing Daisy,Asterales,Asteraceae,Sphagneticola,trilobata,0.0001,
VV-27,Sidebeak Pencilflower,Fabales,Fabaceae,Stylosanthes,biflora,0.0001,
VV-27,Caribbean Stylo,Fabales,Fabaceae,Stylosanthes,hamata,0.0001,
VV-27,White Beggarticks,Asterales,Asteraceae,Bidens,alba,0.0001,
VV-27,Bracketed Fanpetals,Malvales,Malvaceae,Sida,ciliaris,0.0001,
VV-28,White Beggarticks,Asterales,Asteraceae,Bidens,alba,0.0025,
VV-28,Largeflower Mexican Clover,Gentianales,Rubiaceae,Richardia,grandiflora,0.01,
VV-28,Climbing Dayflower,Commelinales,Commelinaceae,Commelina,diffusa,0.0001,
VV-28,Shrubby False Buttonweed,Gentianales,Rubiaceae,Spermacoce,verticillata,0.0001,
VV-28,Asthma Plant,Malpighiales,Euphorbiaceae,Euphorbia,hirta,0.0001,https://www.inaturalist.org/observations/320409853
VV-28,Hyssop Spurge,Malpighiales,Euphorbiaceae,Euphorbia,hyssopifolia,0.0001,https://www.inaturalist.org/observations/320410381
MK-38,White Beggarticks,Asterales,Asteraceae,Bidens,alba,0.0001,
MK-38,Turkey Tangle Frogfruit,Lamiales,Verbenaceae,Phyla,nodiflora,0.005,
MK-38,Common Fanpetals,Malvales,Malvaceae,Sida,ulmifolia,0.0025,
MK-38,Largeflower Mexican Clover,Gentianales,Rubiaceae,Richardia,grandiflora,0.0001,
MK-38,Woodland False Buttonweed,Gentianales,Rubiaceae,Spermacoce,remota,0.005,
MK-38,Creeping Beggarweed,Fabales,Fabaceae,Desmodium,incanum,0.0001,https://www.inaturalist.org/observations/320438151
MK-38,Shrubby False Buttonweed,Gentianales,Rubiaceae,Spermacoce,verticillata,0.0001,
MK-38,White Moneywort,Fabales,Fabaceae,Alysicarpus,vaginalis,0.0001,
MK-39,Largeflower Mexican Clover,Gentianales,Rubiaceae,Richardia,grandiflora,0.0025,
MK-39,White Beggarticks,Asterales,Asteraceae,Bidens,alba,0.0001,
MK-39,Straggler Daisy,Asterales,Asteraceae,Calyptocarpus,vialis,0.0001,https://www.inaturalist.org/observations/320451618
MK-40,Largeflower Mexican Clover,Gentianales,Rubiaceae,Richardia,grandiflora,0.0001,
MK-40,Turkey Tangle Frogfruit,Lamiales,Verbenaceae,Phyla,nodiflora,0.0001,
MK-40,Common Fanpetals,Malvales,Malvaceae,Sida,ulmifolia,0.0001,
CB-25,Creeping Beggarweed,Fabales,Fabaceae,Desmodium,incanum,0.0001,https://www.inaturalist.org/observations/321223845
CB-26,Shrubby False Buttonweed,Gentianales,Rubiaceae,Spermacoce,verticillata,0.0025,
CB-26,Creeping Beggarweed,Fabales,Fabaceae,Desmodium,incanum,0.0001,https://www.inaturalist.org/observations/321226619
CB-26,Climbing Dayflower,Commelinales,Commelinaceae,Commelina,diffusa,0.0001,
CB-26,Turkey Tangle Frogfruit,Lamiales,Verbenaceae,Phyla,nodiflora,0.0001,
CB-26,Stiffhair Waxweed,Myrtales,Lythraceae,Cuphea,strigulosa,0.0001,https://www.inaturalist.org/observations/321227993
CB-26,Woodland False Buttonweed,Gentianales,Rubiaceae,Spermacoce,remota,0.0001,
CB-27,Largeflower Mexican Clover,Gentianales,Rubiaceae,Richardia,grandiflora,0.005,
CB-27,Shrubby False Buttonweed,Gentianales,Rubiaceae,Spermacoce,verticillata,0.0025,
CB-27,Turkey Tangle Frogfruit,Lamiales,Verbenaceae,Phyla,nodiflora,0.01,
CB-27,Creeping Tick Trefoil,Fabales,Fabaceae,Grona,triflora,0.0001,https://www.inaturalist.org/observations/321234304
CB-27,Rust Weed,Lamiales,Tetrachondraceae,Polypremum,procumbens,0.0001,https://www.inaturalist.org/observations/321235301
CB-27,Florida Hammock Sandmat,Malpighiales,Euphorbiaceae,Euphorbia,ophthalmica,0.0001,https://www.inaturalist.org/observations/321238528
CB-27,Sidebeak Pencilflower,Fabales,Fabaceae,Stylosanthes,biflora,0.0001,
CB-27,Common Fanpetals,Malvales,Malvaceae,Sida,ulmifolia,0.0001,
CB-27,Gomphrena Weed,Caryophyllales,Amaranthaceae,Gomphrena,serrata,0.0001,
CB-27,White Moneywort,Fabales,Fabaceae,Alysicarpus,vaginalis,0.0001,
CB-28,Common Fanpetals,Malvales,Malvaceae,Sida,ulmifolia,0.0001,
CB-28,Shrubby False Buttonweed,Gentianales,Rubiaceae,Spermacoce,verticillata,0.01,
CB-28,Turkey Tangle Frogfruit,Lamiales,Verbenaceae,Phyla,nodiflora,0.0001,
LK-19,Common Fanpetals,Malvales,Malvaceae,Sida,ulmifolia,0.0001,
LK-19,Largeflower Mexican Clover,Gentianales,Rubiaceae,Richardia,grandiflora,0.0001,
LK-19,White Beggarticks,Asterales,Asteraceae,Bidens,alba,0.0001,
LK-19,Shrubby False Buttonweed,Gentianales,Rubiaceae,Spermacoce,verticillata,0.0001,
LK-20,Guinea Hen Weed,Caryophyllales,Petiveriaceae,Petiveria,alliacea,0.0001,https://www.inaturalist.org/observations/321269756
QW-29,Shrubby False Buttonweed,Gentianales,Rubiaceae,Spermacoce,verticillata,0.0001,
QW-29,White Beggarticks,Asterales,Asteraceae,Bidens,alba,0.0001,
QW-29,Trailing Daisy,Asterales,Asteraceae,Sphagneticola,trilobata,0.0001,
QW-29,Largeflower Mexican Clover,Gentianales,Rubiaceae,Richardia,grandiflora,0.0001,
QW-30,Largeflower Mexican Clover,Gentianales,Rubiaceae,Richardia,grandiflora,0.0025,
QW-30,Trailing Daisy,Asterales,Asteraceae,Sphagneticola,trilobata,0.0001,
QW-30,White Beggarticks,Asterales,Asteraceae,Bidens,alba,0.0001,
QW-31,Largeflower Mexican Clover,Gentianales,Rubiaceae,Richardia,grandiflora,0.0001,
QW-31,Creeping Beggarweed,Fabales,Fabaceae,Desmodium,incanum,0.0001,
QW-31,Trailing Daisy,Asterales,Asteraceae,Sphagneticola,trilobata,0.0001,
QW-31,Creeping Tick Trefoil,Fabales,Fabaceae,Grona,triflora,0.0001,
QW-32,Common Fanpetals,Malvales,Malvaceae,Sida,ulmifolia,0.0001,
QW-32,Largeflower Mexican Clover,Gentianales,Rubiaceae,Richardia,grandiflora,0.0001,
QW-32,White Beggarticks,Asterales,Asteraceae,Bidens,alba,0.0001,
QW-32,Creeping Indigo,Fabales,Fabaceae,Indigofera,spicata,0.0001,https://www.inaturalist.org/observations/322414318
QW-32,Turkey Tangle Frogfruit,Lamiales,Verbenaceae,Phyla,nodiflora,0.0001,
QW-32,Shrubby False Buttonweed,Gentianales,Rubiaceae,Spermacoce,verticillata,0.0001,
QW-32,Spreading Chinchweed,Asterales,Asteraceae,Pectis,prostrata,0.0001,https://www.inaturalist.org/observations/322415137
QW-32,Caribbean Stylo,Fabales,Fabaceae,Stylosanthes,hamata,0.0001,
QW-32,Creeping Tick Trefoil,Fabales,Fabaceae,Grona,triflora,0.0001,
QW-32,Diacrodon compressus,Gentianales,Rubiaceae,Diacrodon,compressus,0.0001,https://www.inaturalist.org/observations/322416164
QW-32,Sidebeak Pencilflower,Fabales,Fabaceae,Stylosanthes,biflora,0.0001,
HK-20,Caesaer Weed,Malvales,Malvaceae,Urena,lobata,0.0001,
HK-21,Pale Tasselflower,Asterales,Asteraceae,Emilia,praetermissa,0.0001,https://www.inaturalist.org/observations/322438678
HK-21,American Beautyberry,Lamiales,Lamiaceae,Callicarpa,americana,0.0001,
MT-20,American Beautyberry,Lamiales,Lamiaceae,Callicarpa,americana,0.0001,
MT-21,White Beggarticks,Asterales,Asteraceae,Bidens,alba,0.0025,
MT-21,Lilac Tasselflower,Asterales,Asteraceae,Emilia,sonchifolia,0.0001,
HS-19,Largeflower Mexican Clover,Gentianales,Rubiaceae,Richardia,grandiflora,0.005,
HS-19,Creeping Beggarweed,Fabales,Fabaceae,Desmodium,incanum,0.0001,https://www.inaturalist.org/observations/322585199
HS-19,White Beggarticks,Asterales,Asteraceae,Bidens,alba,0.0001,
HS-19,Shrubby False Buttonweed,Gentianales,Rubiaceae,Spermacoce,verticillata,0.0001,
HS-21,White Beggarticks,Asterales,Asteraceae,Bidens,alba,0.0001,
HS-21,Shrubby False Buttonweed,Gentianales,Rubiaceae,Spermacoce,verticillata,0.0001,
HS-21,Madagascar Periwinkle,Gentianales,Apocynaceae,Catharanthus,roseus,0.0001,
HS-21,Beggar's-ticks,Fabales,Fabaceae,Desmodium,mauritianum,0.0001,https://www.inaturalist.org/observations/322593854
MT-22,White Beggarticks,Asterales,Asteraceae,Bidens,alba,0.0001,
MT-23,Madagascar Periwinkle,Gentianales,Apocynaceae,Catharanthus,roseus,0.0001,
MT-23,American Beautyberry,Lamiales,Lamiaceae,Callicarpa,americana,0.0001,
MT-23,White Beggarticks,Asterales,Asteraceae,Bidens,alba,0.0001,
MT-23,Florida Beggarweed,Fabales,Fabaceae,Desmodium,tortuosum,0.0001,https://www.inaturalist.org/observations/325041480
MT-24,American Beautyberry,Lamiales,Lamiaceae,Callicarpa,americana,0.0001,
CB-29,Gomphrena Weed,Caryophyllales,Amaranthaceae,Gomphrena,serrata,0.0001,
CB-29,Shrubby False Buttonweed,Gentianales,Rubiaceae,Spermacoce,verticillata,0.0025,
CB-29,Largeflower Mexican Clover,Gentianales,Rubiaceae,Richardia,grandiflora,0.0025,
CB-29,White Beggarticks,Asterales,Asteraceae,Bidens,alba,0.0001,
CB-29,Asthma Plant,Malpighiales,Euphorbiaceae,Euphorbia,hirta,0.0001,https://www.inaturalist.org/observations/326332156
CB-29,Creeping Beggarweed,Fabales,Fabaceae,Desmodium,incanum,0.0001,
CB-30,Shrubby False Buttonweed,Gentianales,Rubiaceae,Spermacoce,verticillata,0.02,
CB-30,Largeflower Mexican Clover,Gentianales,Rubiaceae,Richardia,grandiflora,0.0025,
CB-30,Diacrodon compressus,Gentianales,Rubiaceae,Diacrodon,compressus,0.0025,https://www.inaturalist.org/observations/326336084
CB-30,White Beggarticks,Asterales,Asteraceae,Bidens,alba,0.0001,
CB-31,Shrubby False Buttonweed,Gentianales,Rubiaceae,Spermacoce,verticillata,0.0001,
CB-31,Woodland False Buttonweed,Gentianales,Rubiaceae,Spermacoce,remota,0.0001,
CB-31,Creeping Beggarweed,Fabales,Fabaceae,Desmodium,incanum,0.0001,
CB-32,Largeflower Mexican Clover,Gentianales,Rubiaceae,Richardia,grandiflora,0.01,
CB-32,Diacrodon compressus,Gentianales,Rubiaceae,Diacrodon,compressus,0.005,https://www.inaturalist.org/observations/326343698
CB-32,White Beggarticks,Asterales,Asteraceae,Bidens,alba,0.0001,
CB-32,Creeping Indigo,Fabales,Fabaceae,Indigofera,spicata,0.0001,https://www.inaturalist.org/observations/326350895
VV-29,Turkey Tangle Frogfruit,Lamiales,Verbenaceae,Phyla,nodiflora,0.0025,
VV-29,Largeflower Mexican Clover,Gentianales,Rubiaceae,Richardia,grandiflora,0.02,
VV-29,Climbing Dayflower,Commelinales,Commelinaceae,Commelina,diffusa,0.0001,
VV-29,Cigar Plants and Allies,Myrtales,Lythraceae,Cuphea,,0.0001,https://www.inaturalist.org/observations/326361470
VV-29,Shrubby False Buttonweed,Gentianales,Rubiaceae,Spermacoce,verticillata,0.0001,
VV-29,White Beggarticks,Asterales,Asteraceae,Bidens,alba,0.0001,
VV-31,Largeflower Mexican Clover,Gentianales,Rubiaceae,Richardia,grandiflora,0.0001,
VV-31,White Beggarticks,Asterales,Asteraceae,Bidens,alba,0.0025,
VV-31,Shrubby False Buttonweed,Gentianales,Rubiaceae,Spermacoce,verticillata,0.0001,
VV-32,Largeflower Mexican Clover,Gentianales,Rubiaceae,Richardia,grandiflora,0.005,
VV-32,Trailing Daisy,Asterales,Asteraceae,Sphagneticola,trilobata,0.0001,
VV-32,Tridax Daisy,Asterales,Asteraceae,Tridax,procumbens,0.0001,
VV-32,White Beggarticks,Asterales,Asteraceae,Bidens,alba,0.0001,
VV-32,Shrubby False Buttonweed,Gentianales,Rubiaceae,Spermacoce,verticillata,0.0001,
MK-41,Largeflower Mexican Clover,Gentianales,Rubiaceae,Richardia,grandiflora,0.0001,
MK-41,Turkey Tangle Frogfruit,Lamiales,Verbenaceae,Phyla,nodiflora,0.0001,
MK-42,Largeflower Mexican Clover,Gentianales,Rubiaceae,Richardia,grandiflora,0.005,
MK-42,Shrubby False Buttonweed,Gentianales,Rubiaceae,Spermacoce,verticillata,0.0001,
MK-42,Caribbean Stylo,Fabales,Fabaceae,Stylosanthes,hamata,0.0001,
MK-43,Largeflower Mexican Clover,Gentianales,Rubiaceae,Richardia,grandiflora,0.02,
MK-43,Turkey Tangle Frogfruit,Lamiales,Verbenaceae,Phyla,nodiflora,0.0001,
LK-24,White Beggarticks,Asterales,Asteraceae,Bidens,alba,0.05,
LK-24,Siam Weed,Asterales,Asteraceae,Chromolaena,odorata,0.0025,https://www.inaturalist.org/observations/327274256
QW-33,Largeflower Mexican Clover,Gentianales,Rubiaceae,Richardia,grandiflora,0.0025,
QW-33,Diacrodon compressus,Gentianales,Rubiaceae,Diacrodon,compressus,0.005,https://www.inaturalist.org/observations/328052485
QW-33,White Beggarticks,Asterales,Asteraceae,Bidens,alba,0.0001,
QW-34,Largeflower Mexican Clover,Gentianales,Rubiaceae,Richardia,grandiflora,0.01,
QW-34,Diacrodon compressus,Gentianales,Rubiaceae,Diacrodon,compressus,0.0075,https://www.inaturalist.org/observations/328057324
QW-34,Nodeweed,Asterales,Asteraceae,Synedrella,nodiflora,0.01,https://www.inaturalist.org/observations/328057562
QW-35,Largeflower Mexican Clover,Gentianales,Rubiaceae,Richardia,grandiflora,0.05,
QW-35,Diacrodon compressus,Gentianales,Rubiaceae,Diacrodon,compressus,0.005,https://www.inaturalist.org/observations/328061976
QW-35,Caribbean Stylo,Fabales,Fabaceae,Stylosanthes,hamata,0.01,
QW-36,Largeflower Mexican Clover,Gentianales,Rubiaceae,Richardia,grandiflora,0.0001,
QW-36,White Beggarticks,Asterales,Asteraceae,Bidens,alba,0.0001,
QW-36,Shrubby False Buttonweed,Gentianales,Rubiaceae,Spermacoce,verticillata,0.0001,
QW-36,Trailing Daisy,Asterales,Asteraceae,Sphagneticola,trilobata,0.0025,
HS-22,Narrowleaf Silkgrass,Asterales,Asteraceae,Pityopsis,graminifolia,0.05,https://www.inaturalist.org/observations/328077427
HS-22,Diacrodon compressus,Gentianales,Rubiaceae,Diacrodon,compressus,0.0025,https://www.inaturalist.org/observations/328078004
HS-22,Largeflower Mexican Clover,Gentianales,Rubiaceae,Richardia,grandiflora,0.0001,
HS-22,Shrubby False Buttonweed,Gentianales,Rubiaceae,Spermacoce,verticillata,0.0001,
HS-22,White Beggarticks,Asterales,Asteraceae,Bidens,alba,0.0001,
HS-23,Shrubby False Buttonweed,Gentianales,Rubiaceae,Spermacoce,verticillata,0.0001,
HS-23,Narrowleaf Silkgrass,Asterales,Asteraceae,Pityopsis,graminifolia,0.0001,https://www.inaturalist.org/observations/328082439
HS-23,Feay's Palafox,Asterales,Asteraceae,Palafoxia,feayi,0.0001,https://www.inaturalist.org/observations/328082540
HS-24,Shrubby False Buttonweed,Gentianales,Rubiaceae,Spermacoce,verticillata,0.0025,
HS-24,Largeflower Mexican Clover,Gentianales,Rubiaceae,Richardia,grandiflora,0.005,
MK-46,Shrubby False Buttonweed,Gentianales,Rubiaceae,Spermacoce,verticillata,0.0001,
MK-46,Largeflower Mexican Clover,Gentianales,Rubiaceae,Richardia,grandiflora,0.005,
MK-46,Turkey Tangle Frogfruit,Lamiales,Verbenaceae,Phyla,nodiflora,0.0001,
MK-47,Largeflower Mexican Clover,Gentianales,Rubiaceae,Richardia,grandiflora,0.02,
MK-47,Shrubby False Buttonweed,Gentianales,Rubiaceae,Spermacoce,verticillata,0.0075,
MK-47,Turkey Tangle Frogfruit,Lamiales,Verbenaceae,Phyla,nodiflora,0.0001,
MK-48,Shrubby False Buttonweed,Gentianales,Rubiaceae,Spermacoce,verticillata,0.0001,
CB-33,Diacrodon compressus,Gentianales,Rubiaceae,Diacrodon,compressus,0.02,https://www.inaturalist.org/observations/329346623
CB-33,Largeflower Mexican Clover,Gentianales,Rubiaceae,Richardia,grandiflora,0.05,
CB-33,Climbing Dayflower,Commelinales,Commelinaceae,Commelina,diffusa,0.01,
CB-33,Asthma Plant,Malpighiales,Euphorbiaceae,Euphorbia,hirta,0.0025,https://www.inaturalist.org/observations/329347075
CB-33,White Beggarticks,Asterales,Asteraceae,Bidens,alba,0.0001,
CB-33,Tridax Daisy,Asterales,Asteraceae,Tridax,procumbens,0.0001,
CB-34,Largeflower Mexican Clover,Gentianales,Rubiaceae,Richardia,grandiflora,0.03,
CB-34,Diacrodon compressus,Gentianales,Rubiaceae,Diacrodon,compressus,0.03,https://www.inaturalist.org/observations/329352175
CB-34,White Beggarticks,Asterales,Asteraceae,Bidens,alba,0.0001,
CB-34,Sidebeak Pencilflower,Fabales,Fabaceae,Stylosanthes,biflora,0.0001,https://www.inaturalist.org/observations/329352597
CB-35,Largeflower Mexican Clover,Gentianales,Rubiaceae,Richardia,grandiflora,0.05,
CB-35,Diacrodon compressus,Gentianales,Rubiaceae,Diacrodon,compressus,0.01,https://www.inaturalist.org/observations/329355664
CB-35,Common Fanpetals,Malvales,Malvaceae,Sida,ulmifolia,0.0001,
CB-36,Diacrodon compressus,Gentianales,Rubiaceae,Diacrodon,compressus,0.03,https://www.inaturalist.org/observations/329359695
CB-36,Common Fanpetals,Malvales,Malvaceae,Sida,ulmifolia,0.0001,https://www.inaturalist.org/observations/329359757
CB-36,Largeflower Mexican Clover,Gentianales,Rubiaceae,Richardia,grandiflora,0.02,
CB-36,Nodeweed,Asterales,Asteraceae,Synedrella,nodiflora,0.0001,https://www.inaturalist.org/observations/329359897
VV-33,Largeflower Mexican Clover,Gentianales,Rubiaceae,Richardia,grandiflora,0.02,
VV-33,White Beggarticks,Asterales,Asteraceae,Bidens,alba,0.0001,
VV-33,Tridax Daisy,Asterales,Asteraceae,Tridax,procumbens,0.0001,
VV-33,Diacrodon compressus,Gentianales,Rubiaceae,Diacrodon,compressus,0.0001,https://www.inaturalist.org/observations/329364201
VV-34,Largeflower Mexican Clover,Gentianales,Rubiaceae,Richardia,grandiflora,0.005,
VV-34,Shrubby False Buttonweed,Gentianales,Rubiaceae,Spermacoce,verticillata,0.0001,
VV-34,White Beggarticks,Asterales,Asteraceae,Bidens,alba,0.0001,
VV-35,Largeflower Mexican Clover,Gentianales,Rubiaceae,Richardia,grandiflora,0.005,
VV-36,Diacrodon compressus,Gentianales,Rubiaceae,Diacrodon,compressus,0.02,https://www.inaturalist.org/observations/329370902
VV-36,Largeflower Mexican Clover,Gentianales,Rubiaceae,Richardia,grandiflora,0.05,
MT-25,American Beautyberry,Lamiales,Lamiaceae,Callicarpa,americana,0.0001,
MT-25,Caesaer Weed,Malvales,Malvaceae,Urena,lobata,0.0001,
MT-26,Lilac Tasselflower,Asterales,Asteraceae,Emilia,sonchifolia,0.0001,
MT-26,Shrubby False Buttonweed,Gentianales,Rubiaceae,Spermacoce,verticillata,0.0001,
MT-27,American Beautyberry,Lamiales,Lamiaceae,Callicarpa,americana,0.0001,
HK-25,American Beautyberry,Lamiales,Lamiaceae,Callicarpa,americana,0.0001,
HK-25,White Beggarticks,Asterales,Asteraceae,Bidens,alba,0.0001,
HK-26,White Beggarticks,Asterales,Asteraceae,Bidens,alba,0.0001,
HK-26,American Beautyberry,Lamiales,Lamiaceae,Callicarpa,americana,0.0025,
HK-27,American Beautyberry,Lamiales,Lamiaceae,Callicarpa,americana,0.0001,
HK-27,Siam Weed,Asterales,Asteraceae,Chromolaena,odorata,0.005,https://www.inaturalist.org/observations/329461086
QW-37,Largeflower Mexican Clover,Gentianales,Rubiaceae,Richardia,grandiflora,0.005,
QW-37,Diacrodon compressus,Gentianales,Rubiaceae,Diacrodon,compressus,0.0001,https://www.inaturalist.org/observations/329466790
QW-37,Nodeweed,Asterales,Asteraceae,Synedrella,nodiflora,0.0001,
QW-37,Caribbean Stylo,Fabales,Fabaceae,Stylosanthes,hamata,0.0025,
QW-37,Trailing Daisy,Asterales,Asteraceae,Sphagneticola,trilobata,0.0001,
QW-38,Largeflower Mexican Clover,Gentianales,Rubiaceae,Richardia,grandiflora,0.05,
QW-38,Common Fanpetals,Malvales,Malvaceae,Sida,ulmifolia,0.0001,
QW-38,Diacrodon compressus,Gentianales,Rubiaceae,Diacrodon,compressus,0.01,
QW-38,Nodeweed,Asterales,Asteraceae,Synedrella,nodiflora,0.0001,
QW-39,Largeflower Mexican Clover,Gentianales,Rubiaceae,Richardia,grandiflora,0.05,
QW-39,Shrubby False Buttonweed,Gentianales,Rubiaceae,Spermacoce,verticillata,0.02,
QW-39,Diacrodon compressus,Gentianales,Rubiaceae,Diacrodon,compressus,0.03,
QW-39,Caribbean Stylo,Fabales,Fabaceae,Stylosanthes,hamata,0.0075,
QW-39,White Beggarticks,Asterales,Asteraceae,Bidens,alba,0.005,
QW-40,Largeflower Mexican Clover,Gentianales,Rubiaceae,Richardia,grandiflora,0.1,
QW-40,Diacrodon compressus,Gentianales,Rubiaceae,Diacrodon,compressus,0.02,
LK-26,Shrubby False Buttonweed,Gentianales,Rubiaceae,Spermacoce,verticillata,0.05,
LK-26,White Beggarticks,Asterales,Asteraceae,Bidens,alba,0.05,
LK-26,Turkey Tangle Frogfruit,Lamiales,Verbenaceae,Phyla,nodiflora,0.0025,
LK-26,Largeflower Mexican Clover,Gentianales,Rubiaceae,Richardia,grandiflora,0.0025,
LK-26,Climbing Dayflower,Commelinales,Commelinaceae,Commelina,diffusa,0.0075,
HS-26,Largeflower Mexican Clover,Gentianales,Rubiaceae,Richardia,grandiflora,0.01,
HS-26,Diacrodon compressus,Gentianales,Rubiaceae,Diacrodon,compressus,0.0001,
HS-26,Shrubby False Buttonweed,Gentianales,Rubiaceae,Spermacoce,verticillata,0.0025,
HS-26,Madagascar Periwinkle,Gentianales,Apocynaceae,Catharanthus,roseus,0.0001,
HS-27,Bitter Melon,Cucurbitales,Cucubitaceae,Momordica,charantia,0.0001,
HS-27,Lilac Tasselflower,Asterales,Asteraceae,Emilia,sonchifolia,0.0001,
HS-27,Creeping Beggarweed,Fabales,Fabaceae,Desmodium,incanum,0.0001,https://www.inaturalist.org/observations/332467807
VV-37,Gomphrena Weed,Caryophyllales,Amaranthaceae,Gomphrena,serrata,0.0025,
VV-37,Largeflower Mexican Clover,Gentianales,Rubiaceae,Richardia,grandiflora,0.0001,
VV-37,Shrubby False Buttonweed,Gentianales,Rubiaceae,Spermacoce,verticillata,0.005,
VV-37,Savannah False Pimpernel,Lamiales,Linderniaceae,Lindernia,grandiflora,0.0025,https://www.inaturalist.org/observations/335357502
VV-37,Diacrodon compressus,Gentianales,Rubiaceae,Diacrodon,compressus,0.005,
VV-38,Shrubby False Buttonweed,Gentianales,Rubiaceae,Spermacoce,verticillata,0.01,
VV-39,Diacrodon compressus,Gentianales,Rubiaceae,Diacrodon,compressus,0.0025,
VV-39,Shrubby False Buttonweed,Gentianales,Rubiaceae,Spermacoce,verticillata,0.01,
VV-39,White Beggarticks,Asterales,Asteraceae,Bidens,alba,0.0001,
VV-39,Largeflower Mexican Clover,Gentianales,Rubiaceae,Richardia,grandiflora,0.0001,
VV-40,Shrubby False Buttonweed,Gentianales,Rubiaceae,Spermacoce,verticillata,0.0001,
VV-40,Woodland False Buttonweed,Gentianales,Rubiaceae,Spermacoce,remota,0.0001,
MK-51,Shrubby False Buttonweed,Gentianales,Rubiaceae,Spermacoce,verticillata,0.03,
MK-51,Largeflower Mexican Clover,Gentianales,Rubiaceae,Richardia,grandiflora,0.0001,
MK-51,White Beggarticks,Asterales,Asteraceae,Bidens,alba,0.02,
MK-51,Turkey Tangle Frogfruit,Lamiales,Verbenaceae,Phyla,nodiflora,0.0001,
MK-51,Hyssop Spurge,Malpighiales,Euphorbiaceae,Euphorbia,hyssopifolia,0.0001,https://www.inaturalist.org/observations/335374455
MK-52,Largeflower Mexican Clover,Gentianales,Rubiaceae,Richardia,grandiflora,0.0025,
MK-52,Shrubby False Buttonweed,Gentianales,Rubiaceae,Spermacoce,verticillata,0.005,
MK-52,Straggler Daisy,Asterales,Asteraceae,Calyptocarpus,vialis,0.0025,
MK-53,Shrubby False Buttonweed,Gentianales,Rubiaceae,Spermacoce,verticillata,0.0001,
CB-37,Largeflower Mexican Clover,Gentianales,Rubiaceae,Richardia,grandiflora,0.005,
CB-37,Shrubby False Buttonweed,Gentianales,Rubiaceae,Spermacoce,verticillata,0.05,
CB-37,Diacrodon compressus,Gentianales,Rubiaceae,Diacrodon,compressus,0.05,
CB-37,Trailing Daisy,Asterales,Asteraceae,Sphagneticola,trilobata,0.0001,
CB-37,Woodland False Buttonweed,Gentianales,Rubiaceae,Spermacoce,remota,0.0001,
CB-37,Climbing Dayflower,Commelinales,Commelinaceae,Commelina,diffusa,0.0001,https://www.inaturalist.org/observations/335390125
CB-38,Shrubby False Buttonweed,Gentianales,Rubiaceae,Spermacoce,verticillata,0.0025,
CB-38,Largeflower Mexican Clover,Gentianales,Rubiaceae,Richardia,grandiflora,0.0001,
CB-38,Diacrodon compressus,Gentianales,Rubiaceae,Diacrodon,compressus,0.0001,
CB-38,Lilac Tasselflower,Asterales,Asteraceae,Emilia,sonchifolia,0.0001,
CB-38,White Beggarticks,Asterales,Asteraceae,Bidens,alba,0.0001,
CB-39,Largeflower Mexican Clover,Gentianales,Rubiaceae,Richardia,grandiflora,0.03,
CB-39,White Beggarticks,Asterales,Asteraceae,Bidens,alba,0.0001,
CB-39,Shrubby False Buttonweed,Gentianales,Rubiaceae,Spermacoce,verticillata,0.03,
CB-39,Diacrodon compressus,Gentianales,Rubiaceae,Diacrodon,compressus,0.0025,
CB-39,Spurges,Malpighiales,Euphorbiaceae,Euphorbia,,0.0001,https://www.inaturalist.org/observations/335394962
CB-40,Diacrodon compressus,Gentianales,Rubiaceae,Diacrodon,compressus,0.0075,
QW-41,Diacrodon compressus,Gentianales,Rubiaceae,Diacrodon,compressus,0.005,
QW-41,White Beggarticks,Asterales,Asteraceae,Bidens,alba,0.0001,
QW-41,Largeflower Mexican Clover,Gentianales,Rubiaceae,Richardia,grandiflora,0.0001,
QW-41,Shrubby False Buttonweed,Gentianales,Rubiaceae,Spermacoce,verticillata,0.0001,
QW-42,Largeflower Mexican Clover,Gentianales,Rubiaceae,Richardia,grandiflora,0.0025,
QW-42,Shrubby False Buttonweed,Gentianales,Rubiaceae,Spermacoce,verticillata,0.0001,
QW-42,Diacrodon compressus,Gentianales,Rubiaceae,Diacrodon,compressus,0.02,
QW-43,White Beggarticks,Asterales,Asteraceae,Bidens,alba,0.0001,
QW-43,Largeflower Mexican Clover,Gentianales,Rubiaceae,Richardia,grandiflora,0.02,
QW-43,Shrubby False Buttonweed,Gentianales,Rubiaceae,Spermacoce,verticillata,0.0001,
QW-43,Diacrodon compressus,Gentianales,Rubiaceae,Diacrodon,compressus,0.05,
QW-43,Hyssop Spurge,Malpighiales,Euphorbiaceae,Euphorbia,hyssopifolia,0.0001,https://www.inaturalist.org/observations/335602151
QW-43,Trailing Daisy,Asterales,Asteraceae,Sphagneticola,trilobata,0.0001,
QW-43,Caribbean Stylo,Fabales,Fabaceae,Stylosanthes,hamata,0.0001,
QW-44,Shrubby False Buttonweed,Gentianales,Rubiaceae,Spermacoce,verticillata,0.0001,
QW-44,White Beggarticks,Asterales,Asteraceae,Bidens,alba,0.0001,
QW-44,Red Tasselflower,Asterales,Asteraceae,Emilia,fosbergii,0.0001,
HK-29,White Beggarticks,Asterales,Asteraceae,Bidens,alba,0.0001,
MT-28,White Beggarticks,Asterales,Asteraceae,Bidens,alba,0.01,
MT-28,Tridax Daisy,Asterales,Asteraceae,Tridax,procumbens,0.0001,
MT-28,Grassleaf Spurge,Malpighiales,Euphorbiaceae,Euphorbia,graminea,0.0001,https://www.inaturalist.org/observations/335617620
MT-28,Virginia Pepperweed,Brassicales,Brassicaceae,Lepidium,virginicum,0.0001,https://www.inaturalist.org/observations/335617932
MT-28,Red Tasselflower,Asterales,Asteraceae,Emilia,fosbergii,0.0075,
MT-28,Lilac Tasselflower,Asterales,Asteraceae,Emilia,sonchifolia,0.0075,
MT-28,Painted Leaf,Malpighiales,Euphorbiaceae,Euphorbia,cyathophora,0.0001,
MT-28,Tropic Croton,Malpighiales,Euphorbiaceae,Croton,glandulosus,0.0001,https://www.inaturalist.org/observations/335619447
MT-30,Chapman's Goldenrod,Asterales,Asteraceae,Solidago,chapmanii,0.0001,https://www.inaturalist.org/observations/335623922
HS-28,Madagascar Periwinkle,Gentianales,Apocynaceae,Catharanthus,roseus,0.0001,
HS-28,Alligator Plant Hybrid,Saxifragales,Crassulaceae,Kalanchoe,x houghtonii,0.0001,https://www.inaturalist.org/observations/336349624
HS-28,Shrubby False Buttonweed,Gentianales,Rubiaceae,Spermacoce,verticillata,0.0001,
HS-28,Diacrodon compressus,Gentianales,Rubiaceae,Diacrodon,compressus,0.0001,
HS-29,Shrubby False Buttonweed,Gentianales,Rubiaceae,Spermacoce,verticillata,0.0001,
HS-30,White Beggarticks,Asterales,Asteraceae,Bidens,alba,0.0075,
HS-30,Shrubby False Buttonweed,Gentianales,Rubiaceae,Spermacoce,verticillata,0.0001,
HS-30,Rattleweed,Fabales,Fabaceae,Crotalaria,retusa,0.0001,https://www.inaturalist.org/observations/336356678
LK-28,Air Plant,Saxifragales,Crassulaceae,Kalanchoe,pinnata,0.0001,https://www.inaturalist.org/observations/336365655
LK-28,Pigeonberry,Caryophyllales,Petiveriaceae,Rivina,humilis,0.0001,
CB-41,Shrubby False Buttonweed,Gentianales,Rubiaceae,Spermacoce,verticillata,0.0001,
CB-41,Diacrodon compressus,Gentianales,Rubiaceae,Diacrodon,compressus,0.0001,
CB-42,Shrubby False Buttonweed,Gentianales,Rubiaceae,Spermacoce,verticillata,0.05,
CB-42,Diacrodon compressus,Gentianales,Rubiaceae,Diacrodon,compressus,0.0025,
CB-43,Shrubby False Buttonweed,Gentianales,Rubiaceae,Spermacoce,verticillata,0.0001,
CB-44,Nodeweed,Asterales,Asteraceae,Synedrella,nodiflora,0.0001,https://www.inaturalist.org/observations/338207533
CB-44,Diacrodon compressus,Gentianales,Rubiaceae,Diacrodon,compressus,0.0001,
CB-44,Shrubby False Buttonweed,Gentianales,Rubiaceae,Spermacoce,verticillata,0.0001,
MK-58,Largeflower Mexican Clover,Gentianales,Rubiaceae,Richardia,grandiflora,0.0001,
MK-60,Straggler Daisy,Asterales,Asteraceae,Calyptocarpus,vialis,0.0001,https://www.inaturalist.org/observations/338221702
VV-41,Diacrodon compressus,Gentianales,Rubiaceae,Diacrodon,compressus,0.0001,
VV-41,Virginia Pepperweed,Brassicales,Brassicaceae,Lepidium,virginicum,0.0001,https://www.inaturalist.org/observations/338225926
VV-41,Shrubby False Buttonweed,Gentianales,Rubiaceae,Spermacoce,verticillata,0.0001,
VV-41,Common Fanpetals,Malvales,Malvaceae,Sida,ulmifolia,0.0001,
VV-42,White Beggarticks,Asterales,Asteraceae,Bidens,alba,0.0001,
VV-42,Shrubby False Buttonweed,Gentianales,Rubiaceae,Spermacoce,verticillata,0.0001,
VV-43,Largeflower Mexican Clover,Gentianales,Rubiaceae,Richardia,grandiflora,0.0001,
VV-43,Diacrodon compressus,Gentianales,Rubiaceae,Diacrodon,compressus,0.0001,
VV-44,White Beggarticks,Asterales,Asteraceae,Bidens,alba,0.005,
VV-44,Shrubby False Buttonweed,Gentianales,Rubiaceae,Spermacoce,verticillata,0.03,
QW-45,White Beggarticks,Asterales,Asteraceae,Bidens,alba,0.0001,
QW-45,Largeflower Mexican Clover,Gentianales,Rubiaceae,Richardia,grandiflora,0.0001,
QW-45,Shrubby False Buttonweed,Gentianales,Rubiaceae,Spermacoce,verticillata,0.0001,
QW-45,Caribbean Stylo,Fabales,Fabaceae,Stylosanthes,hamata,0.0001,
QW-45,Diacrodon compressus,Gentianales,Rubiaceae,Diacrodon,compressus,0.0001,
QW-46,White Beggarticks,Asterales,Asteraceae,Bidens,alba,0.0025,
QW-46,Shrubby False Buttonweed,Gentianales,Rubiaceae,Spermacoce,verticillata,0.0001,
QW-46,Largeflower Mexican Clover,Gentianales,Rubiaceae,Richardia,grandiflora,0.0001,
QW-46,Caribbean Stylo,Fabales,Fabaceae,Stylosanthes,hamata,0.0001,
QW-46,Lilac Tasselflower,Asterales,Asteraceae,Emilia,sonchifolia,0.0001,
QW-46,Diacrodon compressus,Gentianales,Rubiaceae,Diacrodon,compressus,0.0001,
QW-47,Largeflower Mexican Clover,Gentianales,Rubiaceae,Richardia,grandiflora,0.0001,
QW-47,Shrubby False Buttonweed,Gentianales,Rubiaceae,Spermacoce,verticillata,0.0001,
QW-47,Common Fanpetals,Malvales,Malvaceae,Sida,ulmifolia,0.0001,
QW-48,White Beggarticks,Asterales,Asteraceae,Bidens,alba,0.0001,
QW-48,Shrubby False Buttonweed,Gentianales,Rubiaceae,Spermacoce,verticillata,0.0001,
HS-31,Alligator Plant Hybrid,Saxifragales,Crassulaceae,Kalanchoe,x houghtonii,0.02,https://www.inaturalist.org/observations/339318368
HS-31,White Beggarticks,Asterales,Asteraceae,Bidens,alba,0.0001,
HS-31,Painted Leaf,Malpighiales,Euphorbiaceae,Euphorbia,cyathophora,0.0001,
HS-31,Shrubby False Buttonweed,Gentianales,Rubiaceae,Spermacoce,verticillata,0.0001,
HS-31,Saw Palmetto,Arecales,Arecaceae,Serenoa,repens,0.0025,
HS-32,Madagascar Periwinkle,Gentianales,Apocynaceae,Catharanthus,roseus,0.0001,
MT-31,Shrubby False Buttonweed,Gentianales,Rubiaceae,Spermacoce,verticillata,0.0001,
MT-31,Lilac Tasselflower,Asterales,Asteraceae,Emilia,sonchifolia,0.0001,
MT-31,Saw Palmetto,Arecales,Arecaceae,Serenoa,repens,0.0025,
MT-31,White Beggarticks,Asterales,Asteraceae,Bidens,alba,0.0001,
MT-31,American Black Nightshade,Solanales,Solanaceae,Solanum,americanum ,0.0001,https://www.inaturalist.org/observations/339330006
MT-33,Lilac Tasselflower,Asterales,Asteraceae,Emilia,sonchifolia,0.0001,
MT-33,White Beggarticks,Asterales,Asteraceae,Bidens,alba,0.0001,
HK-33,Saw Palmetto,Arecales,Arecaceae,Serenoa,repens,0.0001,
QW-49,Diacrodon compressus,Gentianales,Rubiaceae,Diacrodon,compressus,0.0001,
QW-49,Browne's Blechum,Lamiales,Acanthaceae,Ruellia,blechum ,0.0001,
QW-49,Shrubby False Buttonweed,Gentianales,Rubiaceae,Spermacoce,verticillata,0.0001,
QW-49,Virginia Pepperweed,Brassicales,Brassicaceae,Lepidium,virginicum,0.0001,
QW-49,White Beggarticks,Asterales,Asteraceae,Bidens,alba,0.0001,
QW-49,Largeflower Mexican Clover,Gentianales,Rubiaceae,Richardia,grandiflora,0.0001,
QW-49,Creeping Beggarweed,Fabales,Fabaceae,Desmodium,incanum,0.0001,
QW-49,Creeping Indigo,Fabales,Fabaceae,Indigofera,spicata,0.0001,
QW-50,Turkey Tangle Frogfruit,Lamiales,Verbenaceae,Phyla,nodiflora,0.0001,
QW-50,Largeflower Mexican Clover,Gentianales,Rubiaceae,Richardia,grandiflora,0.0001,
QW-50,White Beggarticks,Asterales,Asteraceae,Bidens,alba,0.0001,
QW-50,Shrubby False Buttonweed,Gentianales,Rubiaceae,Spermacoce,verticillata,0.0001,
QW-52,Largeflower Mexican Clover,Gentianales,Rubiaceae,Richardia,grandiflora,0.0001,
QW-52,White Beggarticks,Asterales,Asteraceae,Bidens,alba,0.0001,
QW-52,Virginia Pepperweed,Brassicales,Brassicaceae,Lepidium,virginicum,0.0001,
QW-52,Shrubby False Buttonweed,Gentianales,Rubiaceae,Spermacoce,verticillata,0.0001,
MT-34,Saw Palmetto,Arecales,Arecaceae,Serenoa,repens,0.02,
MT-34,Lilac Tasselflower,Asterales,Asteraceae,Emilia,sonchifolia,0.0001,
MT-34,Red Tasselflower,Asterales,Asteraceae,Emilia,fosbergii,0.0001,
MT-34,Laurel-leaf Greenbrier,Liliales,Smilacaceae,Smilax,laurifolia,0.0001,https://www.inaturalist.org/observations/342266246
MT-34,White Beggarticks,Asterales,Asteraceae,Bidens,alba,0.0001,
MT-35,Saw Palmetto,Arecales,Arecaceae,Serenoa,repens,0.0001,
MT-35,Lilac Tasselflower,Asterales,Asteraceae,Emilia,sonchifolia,0.0001,
MT-35,White Beggarticks,Asterales,Asteraceae,Bidens,alba,0.0001,
MT-36,Saw Palmetto,Arecales,Arecaceae,Serenoa,repens,0.005,
MT-36,Shrubby False Buttonweed,Gentianales,Rubiaceae,Spermacoce,verticillata,0.0001,
MT-36,White Beggarticks,Asterales,Asteraceae,Bidens,alba,0.0001,
HS-34,White Beggarticks,Asterales,Asteraceae,Bidens,alba,0.0001,
HS-34,Madagascar Periwinkle,Gentianales,Apocynaceae,Catharanthus,roseus,0.0001,
HS-34,Virginia Pepperweed,Brassicales,Brassicaceae,Lepidium,virginicum,0.0001,
HS-36,Madagascar Periwinkle,Gentianales,Apocynaceae,Catharanthus,roseus,0.0001,
HS-36,White Beggarticks,Asterales,Asteraceae,Bidens,alba,0.0001,
HS-36,Shrubby False Buttonweed,Gentianales,Rubiaceae,Spermacoce,verticillata,0.0001,
HS-36,Largeflower Mexican Clover,Gentianales,Rubiaceae,Richardia,grandiflora,0.0001,
LK-34,White Beggarticks,Asterales,Asteraceae,Bidens,alba,0.0001,
LK-36,Lanceleaf Arrowhead,Alismatales,Alismataceae,Sagittaria,lancifolia,0.0001,
LK-36,Carolina Water-Hyssop,Lamiales,Plantaginaceae,Bacopa,caroliniana,0.0001,
CB-45,Shrubby False Buttonweed,Gentianales,Rubiaceae,Spermacoce,verticillata,0.0001,
CB-45,White Beggarticks,Asterales,Asteraceae,Bidens,alba,0.0001,
CB-45,Lilac Tasselflower,Asterales,Asteraceae,Emilia,sonchifolia,0.0001,
CB-47,Diacrodon compressus,Gentianales,Rubiaceae,Diacrodon,compressus,0.0001,
CB-47,Common Fanpetals,Malvales,Malvaceae,Sida,ulmifolia,0.0001,
CB-47,Shrubby False Buttonweed,Gentianales,Rubiaceae,Spermacoce,verticillata,0.0025,
CB-47,Largeflower Mexican Clover,Gentianales,Rubiaceae,Richardia,grandiflora,0.0001,
CB-47,Browne's Blechum,Lamiales,Acanthaceae,Ruellia,blechum ,0.0001,
CB-48,Shrubby False Buttonweed,Gentianales,Rubiaceae,Spermacoce,verticillata,0.0001,
CB-48,Largeflower Mexican Clover,Gentianales,Rubiaceae,Richardia,grandiflora,0.0001,
CB-48,Virginia Pepperweed,Brassicales,Brassicaceae,Lepidium,virginicum,0.0001,
VV-45,Shrubby False Buttonweed,Gentianales,Rubiaceae,Spermacoce,verticillata,0.0001,
VV-46,Turkey Tangle Frogfruit,Lamiales,Verbenaceae,Phyla,nodiflora,0.0001,
VV-46,Diacrodon compressus,Gentianales,Rubiaceae,Diacrodon,compressus,0.0001,
MK-62,Shrubby False Buttonweed,Gentianales,Rubiaceae,Spermacoce,verticillata,0.0001,
MK-63,White Beggarticks,Asterales,Asteraceae,Bidens,alba,0.005,
MK-63,Virginia Pepperweed,Brassicales,Brassicaceae,Lepidium,virginicum,0.05,
MK-63,Shrubby False Buttonweed,Gentianales,Rubiaceae,Spermacoce,verticillata,0.02,
MK-63,Turkey Tangle Frogfruit,Lamiales,Verbenaceae,Phyla,nodiflora,0.0001,
MK-63,Largeflower Mexican Clover,Gentianales,Rubiaceae,Richardia,grandiflora,0.0001,
MK-63,Red Tasselflower,Asterales,Asteraceae,Emilia,fosbergii,0.0001,
MK-63,West Indian Sage,Lamiales,Lamiaceae,Salvia,occidentalis,0.0001,https://www.inaturalist.org/observations/344897601
MK-64,Shrubby False Buttonweed,Gentianales,Rubiaceae,Spermacoce,verticillata,0.01,
MK-64,Turkey Tangle Frogfruit,Lamiales,Verbenaceae,Phyla,nodiflora,0.0001,
HK-34,Eastern Poison Ivy,Sapindales,Anacardiaceae,Toxicodendron,radicans,0.0001,
HK-34,Shiny-leaved Wild Coffee,Gentianales,Rubiaceae,Psychotria,nervosa,0.0001,
MK-66,Turkey Tangle Frogfruit,Lamiales,Verbenaceae,Phyla,nodiflora,0.0001,
MK-66,Woodland False Buttonweed,Gentianales,Rubiaceae,Spermacoce,remota,0.0001,
MK-66,Shrubby False Buttonweed,Gentianales,Rubiaceae,Spermacoce,verticillata,0.0025,
MK-66,Water Pennyworts,Apiales,Araliaceae,Hydrocotyle,,0.0001,https://www.inaturalist.org/observations/348702538
MK-66,Straggler Daisy,Asterales,Asteraceae,Calyptocarpus,vialis,0.0001,
MK-67,White Beggarticks,Asterales,Asteraceae,Bidens,alba,0.0001,
MK-67,Shrubby False Buttonweed,Gentianales,Rubiaceae,Spermacoce,verticillata,0.0001,
MK-67,Straggler Daisy,Asterales,Asteraceae,Calyptocarpus,vialis,0.0001,
MK-67,Hyssop Spurge,Malpighiales,Euphorbiaceae,Euphorbia,hyssopifolia,0.0001,https://www.inaturalist.org/observations/348710653
MK-67,Virginia Pepperweed,Brassicales,Brassicaceae,Lepidium,virginicum,0.0001,
MK-68,Shrubby False Buttonweed,Gentianales,Rubiaceae,Spermacoce,verticillata,0.005,
MK-68,Turkey Tangle Frogfruit,Lamiales,Verbenaceae,Phyla,nodiflora,0.0001,
MK-68,White Beggarticks,Asterales,Asteraceae,Bidens,alba,0.0001,
MK-68,Straggler Daisy,Asterales,Asteraceae,Calyptocarpus,vialis,0.0001,
MK-69,Shiny-leaved Wild Coffee,Gentianales,Rubiaceae,Psychotria,nervosa,0.0001,
MK-69,Rattail,Lamiales,Verbenaceae,Stachytarpheta,cayennensis,0.0025,https://www.inaturalist.org/observations/348720122
MK-69,White Beggarticks,Asterales,Asteraceae,Bidens,alba,0.0001,
MK-69,Shrubby False Buttonweed,Gentianales,Rubiaceae,Spermacoce,verticillata,0.0001,
MK-70,Inchplant,Commelinales,Commelinaceae,Tradescantia,zebrina,0.0025,
CB-49,White Beggarticks,Asterales,Asteraceae,Bidens,alba,0.0025,
CB-49,Shrubby False Buttonweed,Gentianales,Rubiaceae,Spermacoce,verticillata,0.0075,
CB-49,Largeflower Mexican Clover,Gentianales,Rubiaceae,Richardia,grandiflora,0.0001,
CB-49,Turkey Tangle Frogfruit,Lamiales,Verbenaceae,Phyla,nodiflora,0.0001,
CB-49,Diacrodon compressus,Gentianales,Rubiaceae,Diacrodon,compressus,0.0001,
CB-50,White Beggarticks,Asterales,Asteraceae,Bidens,alba,0.01,
CB-50,Largeflower Mexican Clover,Gentianales,Rubiaceae,Richardia,grandiflora,0.0001,
CB-50,Shrubby False Buttonweed,Gentianales,Rubiaceae,Spermacoce,verticillata,0.0025,
CB-50,Creeping Beggarweed,Fabales,Fabaceae,Desmodium,incanum,0.0001,
CB-50,Common Fanpetals,Malvales,Malvaceae,Sida,ulmifolia,0.0001,
CB-51,Shrubby False Buttonweed,Gentianales,Rubiaceae,Spermacoce,verticillata,0.0025,
CB-51,Diacrodon compressus,Gentianales,Rubiaceae,Diacrodon,compressus,0.0001,
CB-51,Largeflower Mexican Clover,Gentianales,Rubiaceae,Richardia,grandiflora,0.005,
CB-52,Shrubby False Buttonweed,Gentianales,Rubiaceae,Spermacoce,verticillata,0.005,
CB-52,Turkey Tangle Frogfruit,Lamiales,Verbenaceae,Phyla,nodiflora,0.0001,
CB-52,Largeflower Mexican Clover,Gentianales,Rubiaceae,Richardia,grandiflora,0.0001,
VV-49,Oakleaf Fleabane,Asterales,Asteraceae,Erigeron,quercifolius,0.05,
VV-49,White Beggarticks,Asterales,Asteraceae,Bidens,alba,0.0025,
VV-49,Turkey Tangle Frogfruit,Lamiales,Verbenaceae,Phyla,nodiflora,0.0001,
VV-49,Largeflower Mexican Clover,Gentianales,Rubiaceae,Richardia,grandiflora,0.0001,
VV-49,Shrubby False Buttonweed,Gentianales,Rubiaceae,Spermacoce,verticillata,0.0001,
VV-50,Largeflower Mexican Clover,Gentianales,Rubiaceae,Richardia,grandiflora,0.05,
VV-50,Diacrodon compressus,Gentianales,Rubiaceae,Diacrodon,compressus,0.01,
VV-50,Shrubby False Buttonweed,Gentianales,Rubiaceae,Spermacoce,verticillata,0.0001,
VV-50,Woodland False Buttonweed,Gentianales,Rubiaceae,Spermacoce,remota,0.0001,
VV-51,Herb-of-Grace,Lamiales,Plantaginaceae,Bacopa,monnieri,0.0001,
VV-51,Turkey Tangle Frogfruit,Lamiales,Verbenaceae,Phyla,nodiflora,0.0001,
VV-51,Woodland False Buttonweed,Gentianales,Rubiaceae,Spermacoce,remota,0.0001,
VV-51,Water Pennyworts,Apiales,Araliaceae,Hydrocotyle,,0.05,https://www.inaturalist.org/observations/348806133
VV-51,Largeflower Mexican Clover,Gentianales,Rubiaceae,Richardia,grandiflora,0.0001,
VV-52,Shrubby False Buttonweed,Gentianales,Rubiaceae,Spermacoce,verticillata,0.005,
VV-52,White Beggarticks,Asterales,Asteraceae,Bidens,alba,0.0001,
VV-52,Blue Porterweed,Lamiales,Verbenaceae,Stachytarpheta,jamaicensis,0.0001,https://www.inaturalist.org/observations/348815622
MT-37,Saw Palmetto,Arecales,Arecaceae,Serenoa,repens,0.0075,
MT-38,White Beggarticks,Asterales,Asteraceae,Bidens,alba,0.0001,
MT-38,Lilac Tasselflower,Asterales,Asteraceae,Emilia,sonchifolia,0.0001,
MT-38,Saw Palmetto,Arecales,Arecaceae,Serenoa,repens,0.005,
MT-38,American Beautyberry,Lamiales,Lamiaceae,Callicarpa,americana,0.0001,
MT-39,White Beggarticks,Asterales,Asteraceae,Bidens,alba,0.03,
MT-39,Lilac Tasselflower,Asterales,Asteraceae,Emilia,sonchifolia,0.0001,
MT-39,American Pokeweed,Caryophyllales,Phytolaccaceae,Phytolacca,americana,0.0025,https://www.inaturalist.org/observations/349240423
MT-39,Saw Palmetto,Arecales,Arecaceae,Serenoa,repens,0.0025,
MT-39,Red Tasselflower,Asterales,Asteraceae,Emilia,fosbergii,0.0001,
QW-53,Saw Palmetto,Arecales,Arecaceae,Serenoa,repens,0.02,
QW-54,Virginia Pepperweed,Brassicales,Brassicaceae,Lepidium,virginicum,0.005,
QW-55,Turkey Tangle Frogfruit,Lamiales,Verbenaceae,Phyla,nodiflora,0.0001,
QW-55,White Beggarticks,Asterales,Asteraceae,Bidens,alba,0.0001,
QW-55,Creeping Beggarweed,Fabales,Fabaceae,Desmodium,incanum,0.0001,
QW-55,Virginia Pepperweed,Brassicales,Brassicaceae,Lepidium,virginicum,0.0025,
QW-55,Shrubby False Buttonweed,Gentianales,Rubiaceae,Spermacoce,verticillata,0.0025,
QW-55,Common Fanpetals,Malvales,Malvaceae,Sida,ulmifolia,0.0001,
QW-55,Largeflower Mexican Clover,Gentianales,Rubiaceae,Richardia,grandiflora,0.0001,
QW-55,Diacrodon compressus,Gentianales,Rubiaceae,Diacrodon,compressus,0.0001,
QW-55,Caribbean Stylo,Fabales,Fabaceae,Stylosanthes,hamata,0.0001,
QW-55,Creeping Indigo,Fabales,Fabaceae,Indigofera,spicata,0.0001,
QW-56,Turkey Tangle Frogfruit,Lamiales,Verbenaceae,Phyla,nodiflora,0.0001,
QW-56,Straggler Daisy,Asterales,Asteraceae,Calyptocarpus,vialis,0.005,
QW-56,Shrubby False Buttonweed,Gentianales,Rubiaceae,Spermacoce,verticillata,0.0025,
QW-56,Spiny Amaranth,Caryophyllales,Amaranthaceae,Amaranthus,spinosus,0.005,https://www.inaturalist.org/observations/349284692
QW-56,White Beggarticks,Asterales,Asteraceae,Bidens,alba,0.0025,
QW-56,Largeflower Mexican Clover,Gentianales,Rubiaceae,Richardia,grandiflora,0.0001,
QW-56,Common Fanpetals,Malvales,Malvaceae,Sida,ulmifolia,0.0001,
QW-56,Florida Hammock Sandmat,Malpighiales,Euphorbiaceae,Euphorbia,ophthalmica,0.0001,https://www.inaturalist.org/observations/349287926
HK-37,Saw Palmetto,Arecales,Arecaceae,Serenoa,repens,0.0075,
HK-37,Shiny-leaved Wild Coffee,Gentianales,Rubiaceae,Psychotria,nervosa,0.0001,
HK-37,Shrubby False Buttonweed,Gentianales,Rubiaceae,Spermacoce,verticillata,0.0001,
HK-37,Lilac Tasselflower,Asterales,Asteraceae,Emilia,sonchifolia,0.0001,
HK-38,American Beautyberry,Lamiales,Lamiaceae,Callicarpa,americana,0.0001,
HS-37,Whitemouth Dayflower,Commelinales,Commelinaceae,Commelina,erecta,0.0001,
HS-37,Saw Palmetto,Arecales,Arecaceae,Serenoa,repens,0.0025,
HS-38,Shrubby False Buttonweed,Gentianales,Rubiaceae,Spermacoce,verticillata,0.0001,
HS-39,Saw Palmetto,Arecales,Arecaceae,Serenoa,repens,0.0001,
LK-37,White Beggarticks,Asterales,Asteraceae,Bidens,alba,0.02,
LK-37,Wild Leadwort,Caryophyllales,Plumbaginaceae,Plumbago,zeylanica,0.0001,
LK-37,River Sage,Lamiales,Lamiaceae,Salvia,misella,0.0001,https://www.inaturalist.org/observations/352812848
LK-37,Largeflower Mexican Clover,Gentianales,Rubiaceae,Richardia,grandiflora,0.0001,
LK-37,Shaggy Portulaca,Caryophyllales,Portulacaceae,Portulaca,pilosa,0.0001,https://www.inaturalist.org/observations/352820638
LK-37,Pigeonberry,Caryophyllales,Petiveriaceae,Rivina,humilis,0.0001,
LK-38,White Beggarticks,Asterales,Asteraceae,Bidens,alba,0.0025,
LK-38,Shiny-leaved Wild Coffee,Gentianales,Rubiaceae,Psychotria,nervosa,0.005,
